#timestamp_kf,x,y,z,qw,qx,qy,qz
1620391275992338008,0.024702802720123057806,0.0070836773741713311009,-0.020708577384454949361,0.99725788834813577921,-0.03032453048347685115,0.067505763710260707766,0.00031439508303710570272
1620391276192344008,0.16540471681737389797,0.0078149482750441839896,-0.093163295380595201323,0.99082258846462711865,-0.019216590316340927819,0.13378162052975633989,0.0019490647250852990123
1620391276392352008,0.38144768294009306908,0.019129308614582452019,-0.22552414040671242557,0.9899234824616025552,-0.019322564979185993111,0.13981878596838956397,0.011350966656826385476
1620391276592367008,0.68755829838796267417,0.040665243169924439326,-0.40446821377679653686,0.98850957587829435536,-0.019504467429050927757,0.1483725116031625324,0.021307086797433726078
1620391276792368008,1.0777647651358692737,0.073851672914749838528,-0.63110424053934599531,0.98694789127643978155,-0.021219670055533351727,0.15634539122716009651,0.032244443703520850319
1620391276992382008,1.5273490840764498699,0.11682308923506241893,-0.89460451303818122604,0.9856257566949322424,-0.026145789793992339767,0.16287712954493130391,0.03645965011892436658
1620391277192382008,2.0929475690816170541,0.17008399126107975885,-1.2245367033448153471,0.98531897136642532242,-0.030073680324115729251,0.16552096015905687354,0.029067338460826739471
1620391277392396008,2.7303815171274363749,0.22875348976921219823,-1.5894664037295402892,0.98452558099622022869,-0.032023551070176056732,0.17117531579160424893,0.019567416910651273809
1620391277659028008,3.7313414731328071738,0.33007895300234058045,-2.159970531585914344,0.98182322990783588157,-0.03224265359552419552,0.18390137414423660123,0.034115115276444347991
1620391277859042008,4.5805903382625237086,0.43199248620437985524,-2.6479752837429941792,0.97888981699193955421,-0.027863282887785400382,0.19187914234966918503,0.064658784301574040443
1620391278125797008,5.9184176766097689182,0.62540971258788702336,-3.4099660004542933223,0.97370540434377217398,-0.026695155776461421127,0.20114849211707130916,0.10355886407657136083
1620391278325797008,7.0131992810237315794,0.79576806042206393865,-4.0263823991683977965,0.97128412563923482992,-0.025240309053027921299,0.20501397732111059646,0.11806499558765648494
1620391278525806008,8.2216920705260019275,0.99718584400703702553,-4.7001379668090974562,0.96743428326151581498,-0.027626835655660295782,0.21470932840120332541,0.13117762697745469214
1620391278725811008,9.5391309271733941699,1.2262698649206407175,-5.4349096352855275072,0.96582080022793337371,-0.02674261661614831323,0.21543835034047234545,0.14163802987253032439
1620391278925827008,10.96707202678914328,1.4853362149595916719,-6.222660637819099172,0.96257099671664070328,-0.028807173247778112418,0.22336186754235526353,0.15078693304592680202
1620391279192454008,13.026596359571126271,1.8776561166322864871,-7.3542299930685226528,0.95788011556970176219,-0.029405038335630937635,0.23246292493768000442,0.16601812083647285445
1620391279392463008,14.721646726724605614,2.2112961244202642419,-8.2853804743282015721,0.95344101548449944339,-0.029843594786727246915,0.24086088758515647457,0.17901291203090127779
1620391279592468008,16.553715672259464498,2.583840981024787542,-9.2951255233267779943,0.94928824941653100478,-0.030360581214780153064,0.24756837189477889916,0.19141566253932298936
1620391279792482008,18.49399435472679798,2.9888857414269995871,-10.361506876571951352,0.94498002465240593661,-0.029916089269331255091,0.25427071055948335943,0.2036275677857599109
1620391279992483008,20.577146080876623557,3.4389675663165197861,-11.502263949251565478,0.94029302339263087784,-0.03065299043153903169,0.26133655532399069354,0.21589958125976410619
1620391280192489008,2.8013380319585543532,-1.9602198625528757248,-1.3975186673660715542,0.96444384372128433291,-0.016674464672112386532,0.14429883867245624218,0.22078922005794432426
1620391280392497008,1.256001783603427846,-3.1129642050725276903,-1.842479138995268606,0.96762080788827797839,-0.013206038856413021901,0.10034534208829042068,0.23122799354867290544
1620391280592512008,1.3086392831284132665,-3.6023225032931236456,-1.8048615287738809521,0.97051058452853167235,-0.017858983076327529516,0.089569052487046191269,0.22308663536425057949
1620391280792512008,2.3921315931805544608,-4.0914912099963238745,-1.6143689630961415293,0.97363480441309191438,-0.024071157358775772256,0.085385921522540139672,0.21015492243732480926
1620391280992520008,2.6493160526723644743,-3.7852657526554582823,-1.1077729308161123889,0.97403952429873230656,-0.022164963465771743423,0.07622283946962114809,0.21200424109354665259
1620391281192527008,2.9434100386427255458,-3.8811415856716826589,-0.76557048044595765734,0.97227067387323684589,-0.028207058519867812124,0.068692002971825288915,0.22175551245337588036
1620391281392539008,3.3934569575385036266,-3.9507942216064555474,-0.64106784263157745585,0.97086936990708483375,-0.031231798182121645741,0.058772066987222502943,0.23018054978773228036
1620391281592665008,3.6729067872983383047,-4.2356491600585544077,-0.46192168794951826705,0.96884250298349905428,-0.035790926384610600997,0.057978116335706479656,0.23812129687905977948
1620391281792672008,3.6681555683363815668,-4.4300099717608638628,-0.38535565043045438838,0.96679482582340059427,-0.038922401161649099188,0.051240828419507118696,0.24732001324558652855
1620391281992681008,4.0170232393186706688,-4.3988450476645786225,-0.38671439159634285465,0.96444938695419424324,-0.041216522806627464703,0.051132342424181437268,0.25597668215997448904
1620391282192692008,4.3482068481245379488,-4.4715321236313947395,-0.32332596736169855189,0.96148587866980905758,-0.038229395194546419989,0.05632630166564671359,0.26629075500714960434
1620391282392710008,4.7510841649391863939,-4.4820427995039455737,-0.1931788546438950871,0.95608305310662644594,-0.039108590719669808489,0.05703392773815025435,0.28482072393173146763
1620391282659332008,5.2973518016929208585,-4.0911550852239129128,-0.16039492864531507132,0.94181846631062204889,-0.040359749583427063924,0.055974282841158670698,0.32896192300977855627
1620391282859337008,5.7082753816632783028,-4.221356854959195104,-0.13930922540265580634,0.93271085083572191632,-0.041572827649574053965,0.05983897419151406466,0.35318757891838731267
1620391283059351008,5.9754229303431207754,-4.0730640360837240266,-0.066958919965746641068,0.92845486741887994775,-0.04473008921545096328,0.060573095164098193777,0.36373297682119903884
1620391283325978008,6.5089632664002534668,-4.1179872063987055242,-0.24512099888243449319,0.92208294334351725841,-0.051463199330782506691,0.066261908990674939224,0.37778822655888760762
1620391283526112008,6.360267361815893139,-4.3385090477506151885,-0.14597826749422243564,0.91790944027495113833,-0.043225402387449721187,0.051717758626810862721,0.3910231418793393976
1620391283726123008,6.4097918462260548011,-4.692582879232597648,-0.1271527462939378017,0.91437806845598879057,-0.047514872252093824645,0.046055690679220516459,0.39941702291918468326
1620391283926124008,6.5432502643149881294,-4.8453642397332483682,-0.10915462199905542895,0.91373445159446597952,-0.045614070283239237236,0.041724032098206416397,0.4015816401518210732
1620391284126132008,6.8199096119230038227,-4.7813283443193119737,-0.10494431616432731147,0.91066265217753716854,-0.048226410345932717305,0.040524763643079303455,0.40832032867075712668
1620391284326138008,7.1854324414468351279,-4.8264342232952861522,-0.11683700677883787633,0.90981619031143234899,-0.046119689245776515629,0.038427239023454150268,0.41064683295028842069
1620391284526153008,7.5234200028611049049,-4.7961264462850818902,-0.11290326565003647175,0.9096608954188788454,-0.04445359326443364123,0.03964749189865821033,0.41105840190629044928
1620391284726154008,7.7030339697763698936,-4.6891600810356459661,-0.094476163271526969467,0.91387862773816630479,-0.047385253730610331357,0.033347804221546643866,0.40183132710864816195
1620391284926162008,7.8986323916849805471,-4.494920104726768173,-0.099579626152358602376,0.91731304890426812459,-0.05047250910668535373,0.03233777935433842371,0.39362871358790141318
1620391285126165008,8.1245462829661150295,-4.347893787433654289,-0.10315349589392870666,0.9118075288563246561,-0.05320314278438288691,0.029289611165573957441,0.40610168012033859286
1620391285326182008,8.3986806179399078331,-4.2530192906527632957,-0.091513634901119425558,0.90827904602908693388,-0.050837539325251576705,0.025460532550900676768,0.41448338980238413898
1620391285526183008,8.5336472602853152836,-4.0538864563551655351,-0.10402639698406611346,0.90637820741535846114,-0.049418840800429325588,0.025460081284558011561,0.41879363361619093009
1620391285726194008,8.8252314075368207824,-3.7330322538573095237,-0.10780638490348633252,0.89946685915954494028,-0.049265929224727472713,0.022718066538079732114,0.43360826438625921231
1620391285926202008,9.1153622479118201483,-3.3384561414882480967,-0.11563536865913344454,0.89314290446522093259,-0.048824495039113596784,0.021670513658140079516,0.446589643549200499
1620391286126209008,9.3499904576600894046,-3.0814806755870374211,-0.17348025889913876174,0.88104816233934768466,-0.047034201379613616023,0.018615921653255061707,0.47031411524644312072
1620391286326212008,9.3435266562293506354,-2.9280813970751609077,-0.19862113037565615192,0.87364612545867204041,-0.049306795288639654329,0.019775105164580517036,0.48365300849384573745
1620391286526218008,8.758164157843847164,-2.8124003212473098756,-0.17746465951547638062,0.88485889203726919572,-0.049598867983978035812,0.026169946297137737512,0.46247143413198210649
1620391286726228008,9.8490120861241869932,-2.4548322891336979978,-0.17847706416667730167,0.8624140928050901822,-0.052489509112955377856,0.018048804740610491226,0.50315109521066581078
1620391286926240008,9.9073777627087213915,-2.0578637442745080222,-0.17428012760062647213,0.87420685232301897916,-0.048577844889328265776,0.019994044929623686069,0.48270364666609061333
1620391287192992008,10.199133662909670051,-1.6437868166524229885,-0.2012681021812630644,0.87285293410887609955,-0.046235780410030354048,0.017537006520758173511,0.48547138064946138147
1620391287393003008,10.423881227814936423,-1.4127000801842080069,-0.20683388187513007672,0.86993645969294430831,-0.042138324967553868194,0.014618623324681813413,0.49114276286832070362
1620391287593006008,10.573545610358461744,-1.2118347044257198331,-0.20514814284262533617,0.85898926333900738062,-0.048618754229294014468,0.014866933211943192741,0.50946308649633642585
1620391287793019008,10.686887891207989654,-1.0079394047100949106,-0.24360200346875010569,0.84862527899385620245,-0.046959172685075364906,0.013580347067380583309,0.52673099977774562319
1620391288059648008,10.977119196905109177,-0.7620283437732098264,-0.29393111974247393414,0.84468196396692896144,-0.045779023086387642116,0.014268989560704789174,0.53311636321833621999
1620391288259663008,11.104747374748985322,-0.46262519449305189445,-0.29418960177795144828,0.83928710530412964363,-0.042124692877515142186,0.014422636196346120749,0.54186220820918873375
1620391288459665008,11.212710804506945905,-0.24190501782819318066,-0.32851836230457215349,0.8334132267069738198,-0.037293318822742227425,0.014343324381169593462,0.55120401936737706272
1620391288659680008,11.438503710561453985,-0.23213828089279175959,-0.36919823014292085794,0.83344209352621045905,-0.034091524504928992501,0.010629376328071406255,0.5514517758194746877
1620391288859681008,11.570597733009085673,-0.17188066999604709184,-0.38976780180325537595,0.82339029982750044923,-0.028976403506572764174,0.0081317403364219876388,0.56667685411431956144
1620391289059687008,11.68369231182203194,-0.017754080195656135599,-0.40006939806008895433,0.82385685193097912826,-0.026815698643520079897,0.0096973062915686886187,0.56608017814027056236
1620391289259696008,11.796775797913735317,0.1645888284701679527,-0.40173658113757432231,0.82266247125616343006,-0.024329818665124906124,0.0080005997165051127851,0.5679529106489338286
1620391289459708008,11.910499672434763596,0.36075055795722787977,-0.40836270360323906337,0.82176000208825217275,-0.025807785746300052759,0.0065637841812879321735,0.56921118567716522119
1620391289659709008,12.027125119864221503,0.61399244426202670422,-0.40731145153971548556,0.81680479015168727663,-0.026234240170510805812,0.0054630743769649194042,0.57629146640070794128
1620391289859720008,12.125971636704424128,0.77998010877394918783,-0.39392210879571115667,0.81402471017579469681,-0.027500897274724780961,0.0076139920601675913775,0.58012886413037323408
1620391290059725008,12.210384073906711322,0.87836691438904257456,-0.35919209473232982521,0.82658035518390038376,-0.025973041778221499926,0.0063781163966488358189,0.56218292143755543844
1620391290259738008,12.288491115010360843,0.91972734441611714296,-0.34273775277606999268,0.84494008869259762395,-0.022407051781284402503,0.007238481824288724685,0.53434237613302293379
1620391290526488008,12.404400988075558132,1.1508518502707516529,-0.33268636702968640284,0.84457658868948959352,-0.025019328686588151317,0.0090305655771791594477,0.53477366045369278957
1620391290726500008,12.523993678592626466,1.2707513106407661851,-0.33117734361233602813,0.84840724861336513918,-0.024752412437249699667,0.011081600388000654653,0.52864889739000053837
1620391290926509008,12.62999666063872084,1.4257346031650710572,-0.3224298576288127105,0.8494901989513259366,-0.025699679837476171324,0.011119268102905298726,0.52686078827212878828
1620391291193139008,12.750531853528162429,1.6612925714132689148,-0.32642000655034636436,0.86738715026171597788,-0.026485613585483888666,0.0073273680750905378564,0.49687458529385097883
1620391291393150008,12.844017448122578173,1.8559167821328770298,-0.32986369428531903125,0.87135564613387328503,-0.026473823554064693925,0.012012287369447691154,0.48978993412399313145
1620391291593154008,12.951623265508555249,2.0357085578011346882,-0.32204093176290665701,0.87029892192715962995,-0.027074627195356134463,0.011100205258472283648,0.49165387875807309292
1620391291793175008,13.097971331736994571,2.2128519441302216819,-0.30577709979750278269,0.86703978420408978067,-0.022941179085965383161,0.012159277484332797412,0.49756192265939180874
1620391292059916008,13.249400488594414327,2.4471751527711016472,-0.23684037492017967486,0.86162617417358056127,-0.022076875237948167391,0.0027091464283492188922,0.50705582343992039451
1620391292259926008,13.361680806156458701,2.5380951083003417956,-0.21051163220514110264,0.858623439475382777,-0.015722892737771380911,0.00081337662415274206325,0.51236502441703157817
1620391292459939008,13.494875323842858705,2.703497959749337376,-0.20261586926022029376,0.8533770695237518078,-0.018515880602713932768,0.0041355117771173953087,0.52094878531279531497
1620391292659954008,13.563781710071262765,2.9348975712265228388,-0.20674203102254326558,0.8320371924451656076,-0.021102030000918932384,0.0003009986386031188654,0.55431825165476855677
1620391292926577008,13.600565923075443209,3.1956211018082192332,-0.19583245810549582133,0.80426947733360298898,-0.024596202144872507389,0.0018510588231482906756,0.59375264904738189742
1620391293126583008,13.612910949580269815,3.4103434904545908424,-0.20059794265443783856,0.79408182914937663899,-0.029043425532217132662,0.00059095890153657015809,0.60711628113210491797
1620391293326595008,13.650790371588159999,3.5720563841218497814,-0.19644580154417126683,0.79116221820422860667,-0.023522620872408552678,-0.002662339731070054432,0.6111480530449042714
1620391293593351008,13.703243948431536481,3.7955395048889224441,-0.16274772318784211378,0.79611117572583678381,-0.023715950841452698716,-0.0016839063682054693574,0.60468315175752718194
1620391293793357008,13.753797746178106465,3.9362522875723713334,-0.15681981613463452652,0.80087554707696551048,-0.023300671382854541702,-0.0044573469914625692134,0.59836073472867323808
1620391293993361008,13.692799054184064289,4.218178795366654299,-0.12956413432043650813,0.78928669719830779616,-0.022426961298173578307,-0.0052127177516985848463,0.613592999150344931
1620391294193379008,13.776114917377451974,4.3935383585334983891,-0.12616178105442896196,0.78916976779030678646,-0.02238688504824132286,-0.0029347181694333794415,0.61375996318825742915
1620391294393379008,13.902655709077354373,4.6193382416778119293,-0.13470081922115104134,0.78433395297988017791,-0.020603816120674470908,-0.0021091214246586969215,0.61999297138837716759
1620391294593386008,13.979918708606691169,4.7798597793484089991,-0.16521906527460700209,0.77896910511153438783,-0.021851371789208789975,0.0019911547633747381757,0.62667829556744936159
1620391294793393008,14.115345202997966467,4.9426449603064952498,-0.201483518024251268,0.77602894741360606279,-0.021556951868504807546,0.0015373288061331299992,0.63032690504400934461
1620391294993407008,14.17863541713423281,5.129001596459757728,-0.21858304752668530901,0.77220203183531510582,-0.018723409911125182131,0.0010842419978077475623,0.63510021285616580222
1620391295193409008,14.244908955743110113,5.3576883684958813703,-0.23378902077587407349,0.76264781763278632898,-0.019052348996666405856,0.0019516961500993456561,0.64653035902402766766
1620391295393413008,14.392802715889720488,5.5802902194422019377,-0.24501559549754664546,0.76596925467835885737,-0.017150778161865790072,0.0043332766358586570152,0.64263377938718801996
1620391295593421008,14.495241818862250938,5.8148253373076634887,-0.24672900671592770672,0.76564771971013412255,-0.020838559390700728269,0.0078373122020722919834,0.64287471585261424245
1620391295793444008,14.582465705800847999,5.9718652091658226411,-0.25979764227576701563,0.7647708609967021065,-0.021465743681532593184,0.0081576001249064854226,0.64389300786598246962
1620391296060063008,14.700452670040832004,6.2214856153618143253,-0.26649635225807499772,0.75722300780086548855,-0.018411387606007120765,0.0055677879315255427231,0.65287314005166185993
1620391296260068008,14.87305626306852524,6.3594190827226064755,-0.26137152467436447489,0.75447737909548495683,-0.015759345673121039066,0.0089338422488390925591,0.65607599706114028137
1620391296460207008,14.991459813733799322,6.3464813676368887485,-0.28256129243237154691,0.7470955638435984314,-0.010878896584082111548,0.0095066891477634755253,0.66455962182162953145
1620391296660216008,15.284648317650443516,6.4403033297240366295,-0.26710727282771706825,0.74916986682973740752,-0.012824213226564948331,0.010226987245661747772,0.66217479483988239686
1620391296860218008,15.417526833300168931,6.5226176852060238076,-0.22595196732427549891,0.74284194944525405724,-0.012580574946994993457,0.011378333511056736016,0.66925189637745230442
1620391297060225008,15.883577977310206819,6.233848056717735453,-0.19626229780627710286,0.75148229728642257363,-0.012065701077618678702,0.012285659628962270276,0.65952849695068982427
1620391297260239008,15.960762718154267503,6.2234445756116407722,-0.15452752458154911386,0.74296742038489005377,-0.012612656614067234429,0.0066031688914255119369,0.66917615864604329534
1620391297460243008,16.17217671963279102,5.9270922781099288912,-0.15969219362206341084,0.73283460898401031614,-0.01096383058976699125,0.0014426591424610392747,0.68031694748004922779
1620391297660245008,16.484917937952221934,5.6014840671812731188,-0.13170802591437746898,0.73171149591506812193,-0.013426027190570529943,0.0024649363929842181206,0.68147777119148178482
1620391297860254008,16.680563371542731943,5.54537431068240938,-0.049798555085936335729,0.71829293214698264336,-0.013099064185083745745,0.00048498985412723699716,0.69561731068880172657
1620391298060270008,16.861135712401733144,5.5657119263402146103,-0.095471423131900101655,0.69854631015328294552,-0.0099928820815124459048,-0.00045106401469567814931,0.71549492759914079532
1620391298260274008,16.971888615723678129,5.7710041911148950433,-0.045227711101080286804,0.69251024589609511128,-0.014679296523086639639,0.0041090181188054653375,0.72124697126055192786
1620391298460278008,17.174916058151730169,5.8564138029672054842,-0.029570432852141777941,0.70080161226888260106,-0.014381163572381863019,0.0017993249980996759742,0.71320897695212348566
1620391298660282008,17.288292435099954503,5.9487750442880109603,-0.03435801953402532749,0.71398541068935605924,-0.013574710466466934772,-0.0020614362573859526528,0.7000259359759228861
1620391298860298008,17.47845950091829792,5.9675721881339649499,-0.023694341549189978924,0.72431375583207047164,-0.012208608247790898177,-0.0016220202796721312159,0.68936050223900458001
1620391299060303008,17.726809486857650455,6.0531174454029610388,-0.0040596237911000553067,0.73893102804335242251,-0.013700255754742636169,0.0042968424731854174339,0.6736280694357388299
1620391299260305008,17.917631265073381996,6.0491888689321102746,0.075219379085844390032,0.75291290080873274349,-0.022333401203726236522,0.010527235211381495011,0.65765687125215266384
1620391299460312008,17.995948705403485235,6.3608727720679816287,0.068991913415809749677,0.73682581676951908189,-0.025388117516006388635,0.010734479460670619602,0.67552048835067879384
1620391299660330008,18.284360742063284988,6.1929826857545791086,0.075427469399611341005,0.73444966154594659713,-0.027222860599642108304,0.0096291104939618676894,0.67804859025501684755
1620391299860333008,18.395331131824441684,6.5002678154755262341,0.10526920483648974369,0.71852333891388719955,-0.029821563108400995362,0.011531821682860991102,0.69476751715835238787
1620391300060334008,18.548995280706513711,6.4217681146355438671,0.21380753258358797808,0.72492260507404349124,-0.050203683189866774028,0.0084474771744704781062,0.68694646587351826383
1620391300260340008,18.666735556531502738,6.4501664337282971218,0.26012218473791143269,0.72535615540988296335,-0.054995271578165791371,0.011395391025401107807,0.68607879502015600703
1620391300460352008,18.645649564398631526,6.7195562949735645475,0.1848718405075217841,0.72571006831968321027,-0.075006016820571494441,0.012740828374623895322,0.68378115320062149429
1620391300660362008,18.166764224619264212,6.7896463280588639222,0.011260507769982469606,0.76096181400439422138,-0.042534120930147432948,-0.0041662933112806641717,0.64738752550832023847
1620391300860363008,18.244026153068279683,6.9927001213729162998,0.025349080262280151987,0.75067585169622996766,-0.046093794217516935452,0.00408385283946949805,0.65904813933479222676
1620391301060373008,18.391734485384681363,6.9165568746494585639,-0.064436109613501976745,0.75135962245375065294,-0.042169197393299391596,-0.00057417082875248865934,0.6585439597058896366
1620391301260381008,18.480886274808394631,7.0556314507374704448,0.08237070624590971113,0.75595689479850625148,-0.044189842705929543998,0.012777823099067220358,0.65300318394703327218
1620391301460387008,18.634996420829459396,7.1344740735433571643,0.11177707734133766893,0.75454214623069737478,-0.042042834610110352278,0.0046851379385055335128,0.65488670707375251645
1620391301660391008,18.634850830559571477,7.4452184427958343349,0.12555217985792738178,0.75360039216921181904,-0.039630213327740915208,0.001276563181012047455,0.65613585902641846648
1620391301860396008,18.687567571719569059,7.7643997659193653149,0.12896520818354878513,0.75081734315228043641,-0.049927144807793692738,0.0041638771379852784413,0.65860706005944968933
1620391302060537008,18.693372796565384419,8.0834480970791044996,0.1508741786621959069,0.74191005864148873439,-0.047383852846236404477,0.0081546755222617617331,0.66877330736433293623
1620391302260547008,18.747124337488418888,8.3053133030430252859,0.15355157928069124162,0.73930213588282933657,-0.050033596067347314851,0.0081392580561613671331,0.67146313645785526969
1620391302460548008,18.744468168457178336,8.5862384597404588504,0.16202519630589390376,0.73645783268887787809,-0.048052602324140027135,0.010451414769920168435,0.67469369050721916814
1620391302660552008,18.766791058098146294,8.8311237636588622024,0.15821611049956643691,0.72743543245913455664,-0.04849414993835012011,0.0087581692661048739235,0.68440434210758327449
1620391302860563008,18.776530191522539326,9.0701480472109228259,0.17156626791907730878,0.71445794080077129617,-0.048571256423496911303,0.011917141669797745931,0.69788872007680180509
1620391303060578008,18.780816457179486889,9.2969313079231223895,0.17102924239975855758,0.69662890478057737376,-0.047022008269001623615,0.010209516570009498013,0.7158162232960417759
1620391303327200008,18.829551262784288923,9.5529129529456433545,0.15917960742651979245,0.66925579033276960672,-0.049501800561537738499,0.010255539134944710936,0.74131038220444334108
1620391303527206008,18.794675362103294702,9.8154860509916073141,0.16697721457792968902,0.63664379932334547174,-0.047240623680173884913,0.012049338523509289453,0.76961536477540926082
1620391303727223008,18.683391408698227565,10.163152478033675052,0.17435071758011230769,0.60864982090018726613,-0.049194658316452505309,0.014215199988077707738,0.79178482506320357892
1620391303993975008,18.722011179961221217,10.220112258191152321,0.092511860203189924534,0.61895886539597977372,-0.045207292062469400795,0.014150955056613609417,0.78399360594513900491
1620391304193983008,18.872171150220498959,10.482351671144789051,0.012493022625677863147,0.57870165178228127889,-0.042702002133363295422,0.014600934952008990178,0.81428972112911091052
1620391304393990008,18.947926698570480397,10.531990696334547764,0.029778588262867302511,0.55977604272002234875,-0.044041951578011905022,0.01625780535149102396,0.82731298325529545323
1620391304594003008,19.039833108372345549,10.567844719950100441,0.037960694521782974153,0.54241256369103163504,-0.040998005439880511047,0.020513445644276571272,0.83886052049644099782
1620391304794006008,18.886296104438262233,10.969778448650334468,-0.0024693142193131720208,0.50822770343595946585,-0.040490869304352673785,0.024765410513874354381,0.85991381277713030418
1620391304994013008,18.818508900372528103,11.158143613444128306,-0.04600064011893894439,0.49689431218783985944,-0.040170229900793802402,0.027483872341965961961,0.86644505417600981012
1620391305194018008,18.774498890292555586,11.443006351326465264,-0.063808030095629561518,0.51840438025246782239,-0.02943475521169671566,0.020238111155314736367,0.85438920438942000946
1620391305394032008,18.981111954097148242,11.587354024917493334,-0.18488459796458220352,0.58259978380113375263,-0.025611777934261788225,0.030289301214666046469,0.81179066696874424558
1620391305660663008,19.100808752652035594,11.750169131197228722,-0.10302740339018590099,0.65806925983772768252,-0.016775799109526784436,0.024909819764470819692,0.75235824093309477956
1620391305860671008,19.31181407531745009,11.774230051167453581,-0.12545395269485259959,0.70130427833588682152,-0.017369172256875623633,0.024249344777973955156,0.71223773441213755753
1620391306060679008,19.336440407163564714,11.825866188386987332,-0.10416554119227020014,0.72255335151054544962,-0.013480791929165658258,0.021174072845236605045,0.69085930630541492192
1620391306260689008,19.414250885788465695,11.774400404555739996,-0.11447430401477937112,0.73557644456748894068,-0.010612819637453144855,0.018641453637763916867,0.67710202958112930549
1620391306527446008,19.360288432844757978,11.703243413189284183,-0.1284954990751256132,0.71931451584241723474,-0.0041936874534549105353,0.01850842435402144659,0.6944252864863640351
1620391306727447008,19.233144127630158238,12.047127778081325289,-0.026142311797418923969,0.69445526002297652823,-0.0050380015734315585982,0.018000826574214968262,0.71929304223591461476
1620391306927464008,19.40218700450231637,12.04236120367335694,0.042291054360198629403,0.69130739529420504041,-0.0031189321002077501251,0.015313515323215747335,0.72239175917387243864
1620391307127464008,19.283784485133587339,12.335074868219722433,0.029588869303606227246,0.6538760032230354069,-0.00086228355765560077157,0.015374894162876847487,0.75644500230047340139
1620391307327476008,19.541415054234725801,12.27483061101545303,0.059534913001151233691,0.63617647432876034408,-0.0025381122345147799114,0.015941163208268285811,0.77137470195243529325
1620391307527478008,19.14308147843767216,12.722195962790054935,0.08524145609112021571,0.58112232978180566878,0.0019454292928636838633,0.015553032348567840878,0.81366526060675659071
1620391307727493008,19.404293049470254573,12.714088206780624901,0.066546942790993587891,0.5743529375549784044,0.0010825354327910891288,0.018588727870944496412,0.8183959863261758283
1620391307994122008,19.342147954755283479,12.777703250322131723,0.13358890941970352761,0.55448897535234953349,0.012428334468531530496,0.015970447431193451199,0.83194498467356969851
1620391308194128008,19.455113756058704411,12.963842387110455334,0.15134139122591491744,0.54205171311480282448,0.015326370280152415773,0.015721411550296444937,0.84005825982595028201
1620391308394135008,19.613597536124800058,13.028035691443127675,0.13747795169560753092,0.53972574643089776814,0.015617016402962466404,0.015369174743754184312,0.84155571170633769462
1620391308594149008,19.65456331408361379,13.169862932698913838,0.12174345989689985825,0.53059939684116308456,0.015005325957919571703,0.01511355610793576297,0.84735512076462149444
1620391308794149008,19.667516163720755173,13.284878931571327598,0.1487991677583048733,0.51030342175449838749,0.010920133347249515871,0.012771295303845164523,0.85983025211323549364
1620391308994162008,19.849136880899454383,13.323331859408748201,0.12707233656213715034,0.48658204169679686313,0.012935117457444368291,0.011038102161106934374,0.87346938110907779151
1620391309194162008,19.812458379162706024,13.45538386585427304,0.1597650229189591653,0.45896594596295459123,0.011832679415710416204,0.01073773771333574531,0.88831016493837033909
1620391309394177008,20.055001368425315889,13.398675122191407993,0.22000184326489471975,0.46182314808364827163,0.013537170947200504942,0.011793631745128723212,0.88679029942087961302
1620391309594320008,20.272147432646356435,13.630759100902245962,0.21759763154263908613,0.45326702112005723411,0.011745497813693616534,0.011662402166506337028,0.89122109446625163987
1620391309860941008,20.789913543771387339,13.483667679714852028,0.16192962390489235025,0.45846242316941804296,0.013792267495006888325,0.013055123185210680201,0.88851085736610291299
1620391310060969008,20.987139269524874408,13.587874377123354108,0.24637415545915281045,0.46686334507198112842,0.0098048423586697321802,0.010462849885706473202,0.88421321572720490423
1620391310327585008,21.074996148424236964,13.846833129010336805,0.24819934409969748867,0.4776076712478705133,0.0083115629685194206827,0.0075329221858817111204,0.87850161375457791468
1620391310527586008,21.326892665574494146,13.789786977686643965,0.23096674169346487204,0.51932396877102049437,0.0071700660674626501626,0.0062229336615718597314,0.85452471041429900467
1620391310727592008,21.645148829000266488,13.756683362225455625,0.24231480262635757272,0.54694114298623996984,0.00040218439963260861842,0.0088926883024811591988,0.837123733059163877
1620391310927609008,21.975676450298788467,13.698616274010404936,0.23784944997820067769,0.56174800108257338938,4.2674911332172803529e-05,0.007219021542456950831,0.82727689873833498702
1620391311127619008,22.237806986958965183,13.742538596559800368,0.23341044630357221656,0.56451579052849176765,-0.0016433798863150189239,0.0086668788032959916123,0.82537513093011993792
1620391311394369008,22.508543436126156934,13.907898403525519981,0.21016139811639955592,0.55887146050330205327,-5.5285146413170375588e-05,0.012174295468343849722,0.82916492575835298862
1620391311594376008,22.732731306396008364,13.964900204718766474,0.20219162963934780852,0.54410014212082447038,0.001622586044456557873,0.013620516468177022371,0.8389081499719029944
1620391311794388008,22.959453221016278945,14.020433424214370888,0.14866782814854270778,0.51973462634913858427,0.0032653359781592938664,0.011466642380004631041,0.85424456209370025483
1620391311994398008,23.088966504912022515,14.205315707987420382,0.17394897635002343206,0.49929861449764550985,0.0017917531144014851256,0.011796969063222426458,0.86634780238785336071
1620391312261028008,23.507445844621294384,14.326576722237792438,0.16512382001233524842,0.48677959788958435894,-0.00017787476487334650155,0.013969876709684105748,0.87341309469435712831
1620391312461037008,23.711472464234251589,14.507803760711126984,0.14272017316949578425,0.47858987049186696439,0.00037089650011540867486,0.013736127791004464072,0.87793104347181472047
1620391312661049008,24.19569873635642665,14.539281818083473752,0.079054831500034394853,0.47882455406568091849,-0.0017693999383269114548,0.016698099514821207467,0.87775001516382100686
1620391312927804008,24.598351889430606576,14.709869949913151999,0.033356707601850291156,0.47349545895570166465,0.0010501965893585393872,0.017403081234836671742,0.88062368818856007202
1620391313127809008,24.826378763423115004,14.864072002052498789,0.0057985092622669202889,0.47079645683186488458,-0.0005807996791022900342,0.019771322261168941536,0.882020098252967788
1620391313327823008,24.804483407670240069,15.125654476173284735,0.0057167087889607561338,0.46564152550927034868,-0.00068531737385745872867,0.019561860337306617025,0.88475693480270378721
1620391313594446008,25.005572469784784317,15.368910326502893682,-0.042372011891122031424,0.45826875261454708133,-0.001039317850685611902,0.019402553563927265462,0.88860126666044514376
1620391313794459008,25.227372585552071627,15.526498433039087388,-0.085205128352402556557,0.45346385406321421119,-0.0012889023245769130627,0.017709446133223154946,0.89109777651300681178
1620391313994466008,25.430310801840221302,15.711445776780481154,-0.12470017297912977527,0.44490595093015361527,0.00014338804733934608316,0.020083726387041669209,0.89535206382799614744
1620391314194480008,25.645898689249182922,15.886192435704614923,-0.16413954980066125522,0.42946070428291110987,0.00085191416554432504958,0.021334760950092013232,0.90283309957827995174
1620391314461230008,25.926188080466129549,16.118377290178489858,-0.21854658371470692124,0.41036008914076910203,0.0039262842175939805314,0.014982351487649120392,0.91179203258000052212
1620391314661238008,25.971806923609754847,16.352325551143916726,-0.2451485584413789498,0.3919674706365892658,-0.0026124370221247052853,0.019178976580487849118,0.91977543128349203982
1620391314861253008,26.30680333634805379,16.328522022071783937,-0.30834392819975575684,0.39585853554522848485,-0.0080826941875287161565,0.017161327856942805437,0.91811555847654169327
1620391315061258008,26.348850550953851979,16.599965636357651988,-0.32014585373053422446,0.4104602529886927087,-0.013100000241402350032,0.015226699271093208435,0.91165723730977166195
1620391315327887008,26.616750618050918575,16.85868449559561455,-0.3820494814399986172,0.41987021763230691906,-0.014921854636797087304,0.017474237091434391411,0.90729322142155965913
1620391315527895008,26.812210845738647436,17.06101269918293184,-0.4296899852450299373,0.41539020082801825229,-0.016396093578401407104,0.018192373870933753466,0.90931357996249506659
1620391315727907008,27.004352625527502596,17.269578369774762905,-0.47966000340957609671,0.40655584464085026131,-0.017143401288591691295,0.018704260629136978955,0.91327356231021150634
1620391315927908008,27.241917479054919227,17.528935198899940673,-0.48240577190181699319,0.39812981679070352792,-0.013809823377928950872,0.018655342522142896733,0.91703539514879006678
1620391316127921008,27.098493559050478297,17.118495900845260849,-0.31706813823988633239,0.40027680144641725191,-0.018106848005200563978,0.011439426926096406961,0.91614396455501934113
1620391316327921008,27.081719994622730496,17.569387323677528201,-0.091561207295060620392,0.39282699252878128249,-0.016109914929217032664,0.0130990534309127684,0.91937796328867171791
1620391316527937008,27.266067420707827296,17.655726561131665164,-0.12384163421180541254,0.38725610920893993594,-0.018112156915137320873,0.013333460855037131479,0.92169782167134872708
1620391316794690008,27.45634263451194812,17.883552007044112742,-0.15717730149198988476,0.37774443412029468092,-0.015242810790728353321,0.012131022641035649895,0.92570494084231202958
1620391316994702008,27.588742012432721395,18.055124119896365897,-0.1859694216535633382,0.37280979809215841758,-0.012948809666423047315,0.0096237052561448013094,0.92776751779295452138
1620391317194709008,27.742621789316704195,18.201174025367791387,-0.21387949808918338412,0.36395937679216178173,-0.015957970577878836937,0.010495004066604810694,0.93121897001166753505
1620391317394719008,27.353591121372996753,18.640588507042743061,0.068368071711959021997,0.35779245577037777082,-0.018993169013339659956,0.010981296034009551885,0.93354337299447409659
1620391317594726008,27.631232894414551993,18.67740681931149993,0.17802193610179667393,0.35743773860437838552,-0.019835044498828908327,0.0093666905658163178428,0.93367933421427684593
1620391317794728008,27.698859308324244921,18.862269617751895368,0.31976828977507332219,0.3524588145423151464,-0.020236766497609179338,0.0088535049577702761708,0.93556660520935897019
1620391317994731008,27.556533015478745341,19.127304133068008696,0.28251341611994307268,0.34149113675161574255,-0.018053380808991759815,0.0080703588264018528975,0.93967693824512099621
1620391318194747008,27.783512533512755738,19.051143622268735811,0.35593899943780743511,0.34404773743401423358,-0.022482298793602577269,0.0056677176339729245721,0.93866584980181788644
1620391318461378008,27.35767928793480408,19.516493308064362111,0.40563199789236326076,0.32848194475221043076,-0.023439318310126674993,0.0048321175626624343624,0.94420700112246713775
1620391318661388008,27.675208815207579249,19.483480825471023223,0.4466242140439392605,0.32606556301576916646,-0.022841028129422191045,0.0015988112881864496428,0.94506982802940320276
1620391318861523008,27.860711344944395051,19.281662495286298054,0.48711500322312695221,0.32793459849816247731,-0.022414665814955717776,-0.0032234816291774786093,0.94442897617041599023
1620391319061529008,28.232739280356728528,18.899207264177537269,0.48315876209807812058,0.3379734192472892973,-0.023163418087173905102,-0.0025600977746750622731,0.940867084047506963
1620391319261541008,28.211757666844597736,19.18451204676911459,0.43458420388489948927,0.32930642741763377357,-0.021298591703860923069,-0.0050243115140469057911,0.94396949269906960112
1620391319528162008,28.169852248330368383,19.214293141326802328,0.42129322926473372624,0.33617416866747762416,-0.024722818699846937918,-0.00029801982650224094918,0.94147523692357903968
1620391319728178008,28.49905727476951256,18.956300428654035528,0.42003358145514507749,0.33921207653670643056,-0.030522153646271088512,0.0028426770634732848389,0.9402103405384476531
1620391319928178008,28.309630914796095169,19.183372320479989526,0.45748188930419303455,0.33407403946075109324,-0.040295891283586571241,0.007945257991876663109,0.94165155454623661324
1620391320128183008,28.582802233608724407,19.265280094932400345,0.42294510949845431913,0.32564079125672013015,-0.046448906762279709715,0.010122453409933528101,0.94429768085446263992
1620391320328190008,28.464668965452830207,19.438903114283544227,0.37985573038281505998,0.31947042181656054582,-0.039417964622233639393,0.0096879257673866941286,0.94672647461850589767
1620391320528202008,29.009610991055854612,19.146489858146114926,0.42004801733706292888,0.32797061673189764619,-0.041143973688517750109,0.0084889496707983708168,0.94375335004596072608
1620391320728203008,29.261709524311079633,18.670785927155648665,0.42079283251281190958,0.34567517284037307945,-0.039516041594401932202,0.0073799131020400813435,0.93749277022330257392
1620391320928213008,29.86587129060564294,17.526227631528040973,0.40792572235058838226,0.36972748196614901861,-0.04161216973818545467,0.010086958224708179183,0.92815314990700148456
1620391321128221008,30.166317223733177144,17.039199441085056463,0.36264764797865939316,0.38419708417543046997,-0.042418622735775651789,0.010917431259895226878,0.92221151079936392048
1620391321328235008,30.239305025782861946,16.682996475209176168,0.33583590001472091169,0.39527091387563845215,-0.042167364795782980025,0.013317489009911842243,0.91749957083174127348
1620391321528236008,30.045670819479649793,15.994965906073897344,0.16388054072746158218,0.41434649290182085091,-0.039898507558404100459,0.016911917999006882696,0.90908694850604165882
1620391321728252008,30.377767828822552332,14.849426030854532499,0.052581776671330418549,0.426085506818528581,-0.039054369380529863065,0.020675884984006548395,0.90360301288313082946
1620391321995002008,30.495745413413075653,14.269138658380217777,0.026152502703032969728,0.44637728770290951985,-0.03436131621240341022,0.020257695854047234885,0.89395539191264006273
1620391322195017008,30.580438151052696583,13.534981799945793313,-0.025543058533303405339,0.47747624672288535574,-0.030291383905638655932,0.022501385144773868724,0.87783401252339066101
1620391322461644008,30.464603394555592075,13.156106459531432762,-0.039222055008215329919,0.49719072723017210258,-0.029782369469151762087,0.023173594536119137416,0.86682026726493111024
1620391322661652008,30.483659388742580632,12.604008276980794179,-0.030815262912092012543,0.51752516159166872534,-0.025892383931270405995,0.02405329700144550123,0.85493785182112436161
1620391322861662008,30.571359754549295218,12.194633851345731301,-0.030816476886564189014,0.53111439537332783001,-0.022302875044867449816,0.021593370915538940419,0.84673124846304592683
1620391323061671008,30.634510065293692804,11.887337249479445589,-0.021482609142093562343,0.54059035536226851537,-0.019101371289159684713,0.021603447956151430182,0.84079158912296980688
1620391323261675008,30.794759654171592445,10.947217207885167056,-0.014696682406715764341,0.5704003822583453287,-0.01784969016547892709,0.021007303760250426589,0.82090406605686017105
1620391323461676008,30.900801553270063948,10.35698333602540977,0.0024342976153268400252,0.58799968619519893398,-0.016974950621375158727,0.021093774835193347672,0.80840786286899890545
1620391323661693008,30.997922476049346585,9.9916459682393981012,0.015076368413904009738,0.59832131178630798551,-0.01652493985279349098,0.021179925066094042185,0.80080580979339721637
1620391323861702008,31.074007875918585597,9.6291087878140793066,0.022117210366224698131,0.6081829695708206307,-0.015896260481307079859,0.021111666834785238617,0.79335684401768091778
1620391324061706008,31.145301135139362714,9.2739861055982331095,0.031745333326184579925,0.61782900104946913977,-0.015740058731849568274,0.021133350323863219627,0.78587082750089920502
1620391324261711008,31.217762632522259025,8.9228392506193525691,0.04065362831902827323,0.62729078118541425901,-0.015338810458864074807,0.021058745150118143852,0.77834923137737122012
1620391324461850008,31.287967223350637624,8.6014214991522237597,0.047478779142058044616,0.63588458522267388151,-0.015086003676157635697,0.020994137886981834723,0.77135105687566751786
1620391324661855008,31.35245245308142259,8.2844195469727868186,0.056570214320011316667,0.6442658883429140948,-0.014931864365313917559,0.020954433304999169757,0.76436863898823481644
1620391324928482008,31.407968746474665522,7.876594046169543617,0.064082399502613185405,0.65486662100651460428,-0.014644741228246660469,0.020922869226652235364,0.75531283173846341938
1620391325128492008,31.497434414076824538,7.5802532829114852575,0.074383572006465947801,0.66266301088704915312,-0.014554479098136379606,0.020856221123979026139,0.74848575081982349211
1620391325328501008,31.427328447994710814,7.1217845862757940267,0.08189107985646457144,0.67445804381592122656,-0.014072050461093629434,0.020989588607596317005,0.73788058769526954084
1620391325528506008,31.46962138598766856,7.2497568803608807286,0.08851243256291382866,0.66819885299677217461,-0.014116014234942575456,0.020884420549333732042,0.7435555607846893178
1620391325728517008,31.424083170120361785,7.1291405847287201425,0.098854814961214079738,0.67044869535918694137,-0.013619608814033708558,0.020338778225447714382,0.7415520125027050824
1620391325928522008,31.383068927166259954,6.8649617384938075304,0.10149701382881526346,0.67688147815634924775,-0.01337522240108602288,0.020398446069896946503,0.7356877539772814778
1620391326128532008,31.338009663421384943,6.5980594361171061024,0.10578980652614564106,0.68333935503369180875,-0.013161846537451700814,0.020420280511967432713,0.72969658338331888636
1620391326328534008,31.295217127129156154,6.3337943516652837062,0.11110031688484008072,0.68962563484387617851,-0.012986664745055786357,0.020443970542551762742,0.72376092349135301429
1620391326528544008,31.252380636750082488,6.0774592205939805822,0.1154195387630522901,0.69572242660834915373,-0.012796827195581943204,0.020456333676745045574,0.71790534525106386443
1620391326728553008,31.229956355648401001,5.9124025008777048029,0.12036239869248716028,0.69923862921173673968,-0.012794646041002966444,0.020419953287027305805,0.71448209351820823887
1620391326928562008,31.217778496053323778,5.819248231572720087,0.1216327791299967459,0.70025795003641400083,-0.012598256939497292847,0.020292152731703136381,0.71349023530110511349
1620391327128562008,31.176691330016090831,5.6249779738508181026,0.12327851833387087899,0.70492542830644133733,-0.011841118273425274912,0.021857516669293863831,0.70884566543761684532
1620391327328572008,31.127790657026253029,5.3650621120532830943,0.12514560857094339519,0.71275962283504679107,-0.012212541494551408874,0.021292556459581290368,0.70097874498827794643
1620391327528590008,31.107679646191012779,5.1923290406813489284,0.13054964162670815164,0.71610868240500047399,-0.011480134162683657689,0.020805964371191924128,0.69758416936596778779
1620391327795344008,31.075612275765276848,5.1080682870325997413,0.13413237046184434131,0.71679339690819565689,-0.011281945048867762088,0.022397768018255877903,0.69683447378280871654
1620391327995347008,31.065146976056436046,5.0611560974326614826,0.13615673647943613012,0.71713885013427725035,-0.01107813510227521718,0.022567387588394438591,0.69647674589164432213
1620391328195355008,30.999105214356529103,4.8595080861911501557,0.13771059690073700343,0.7231320397100036157,-0.010984803353944890339,0.021616060984997634981,0.69028409596865270004
1620391328395358008,30.988507211447959833,4.7875463141096066266,0.14334708737519410993,0.72339816202235129872,-0.010646387273556314965,0.02281996312483720174,0.68997174065560562539
1620391328595373008,30.916233672105068564,4.5613466367952320013,0.14696632978714499473,0.72992853185905604008,-0.010726407417967641703,0.022610205044519188222,0.68306519541657062522
1620391328862005008,30.972833935791125981,4.6525287772427530442,0.14855077284752785105,0.73057069508346883513,-0.010818748424176334241,0.021520172811027304949,0.68241211619491293217
1620391329062012008,30.942836817736161237,4.570334099865354105,0.13818734063946719326,0.73814893190303010329,-0.01199589483236069426,0.02134232915627127386,0.67419341277071531682
1620391329262030008,30.91273348408722299,4.4986619681856661046,0.14012087338305950768,0.74241439158730249126,-0.01103023447940274307,0.022287042198964070877,0.66947926991137041153
1620391329462030008,30.938723081092966538,4.6506492170538793474,0.13200385920637525139,0.74609565131432953322,-0.011378916567207996921,0.022412124002178301224,0.66536418301932298558
1620391329728779008,30.94956228339922788,4.7771192890725204805,0.13730014556099759404,0.75062200737455309074,-0.010287577329354631248,0.021232760193808319915,0.660310485826101079
1620391329928788008,30.941272050312999653,4.7981258812531946134,0.13495048626316794027,0.75535490656694781464,-0.0099443279750425581792,0.02149765961351264229,0.65488772022169439158
1620391330128804008,30.884198779471322638,4.6557298134415043833,0.14407685329321789913,0.76670544957526609586,-0.010703943744770015242,0.023673393693258902581,0.64147310903156251616
1620391330395429008,30.927274005523177181,4.8913995810416688315,0.13532988509196441917,0.76727136756835501163,-0.010319442986015827865,0.022302592082985753241,0.64085158343590054031
1620391330595443008,30.990863043121716913,5.1778850491128070033,0.12672420926294325483,0.76083857095426843387,-0.011557024197327419104,0.022221997009765303427,0.64845762158257747032
1620391330795448008,31.103241927938206857,5.7390159731542436106,0.1254838929941814174,0.74112758695608826898,-0.011278935544546585257,0.022015579945280593782,0.67090833927216730892
1620391330995494008,31.137094224673241172,5.9936125108487008362,0.1281500276499258073,0.72811264016582899483,-0.013688680917551746333,0.023089622394580816556,0.68493172841004679174
1620391331262213008,31.165685127756859174,6.3856878300610713239,0.1236099352794468309,0.70142581544934368143,-0.012599875476358900206,0.022114639494572523731,0.71228787107376589915
1620391331462220008,31.200106280979497342,6.8226334923697811163,0.12348300430442875342,0.67121899688868869038,-0.01353263895960443372,0.023031832527632762481,0.74077760535025671818
1620391331662233008,31.184994874542322663,7.1274440377233325705,0.12251661559256180056,0.63902003731055001534,-0.01422188491215450358,0.02204641169080855112,0.76874253533687475493
1620391331862236008,31.13897480739790069,7.3705694572831168543,0.11508467035785495403,0.60817081403163664177,-0.015222674357580550514,0.023066664010082414682,0.79332493983001850513
1620391332062241008,31.079884770446522424,7.5641568631200302164,0.11544338344758238446,0.59461612922440909568,-0.016294790136476906134,0.024930594285775504321,0.80345790440349840189
1620391332262248008,31.017679150160159196,7.7454058524146969233,0.12224263131645400626,0.58645382580117344506,-0.018443438946195392369,0.025831223497430735869,0.80936054861533512916
1620391332462264008,30.960519688932158999,8.0162017684150761454,0.11507046271449901387,0.58179785174902898248,-0.01521205923152856021,0.025514262331990753691,0.81279079434444434504
1620391332662269008,30.906229832967387239,8.2719275699335579333,0.099721150837752126073,0.58814426126157692831,-0.017349550559139371997,0.025773527126172389445,0.80815904767516488771
1620391332862269008,30.86920505044392371,8.4670517885222764676,0.080733649825605158235,0.60753206593914033107,-0.016674708449419227418,0.02573074176983399311,0.79370313838434469744
1620391333062278008,30.834766624438120886,8.6744345077976365843,0.08608236345321562677,0.6174866009396990929,-0.015055368910714742731,0.027414317587416872635,0.78595934291633473556
1620391333262294008,30.895971369419676478,8.7854742386246034158,0.050700207255948571972,0.61812849503513833671,-0.011860392627687109737,0.027033280169554054634,0.78552256267719422489
1620391333462299008,30.83467821727792213,9.1149658980384735685,0.025593403620108409746,0.61178976870086643203,-0.011270246939173075504,0.023201227787677039527,0.79059974922545650511
1620391333662305008,30.786139564499706012,9.1265302830519097199,0.0093979977922631109666,0.61115748695286475911,-0.012808367098852630264,0.021636133900955083209,0.7911095686331159893
1620391333862306008,30.807349862347670921,9.3059490615418507531,0.028069006409628984022,0.60620557519118856149,-0.012705715081246496748,0.023004108535086817411,0.79487368581505923881
1620391334062326008,30.789012477599321471,9.5657905845211779194,-0.022481654821909689834,0.60332888814156526713,-0.010945490616058485903,0.022443081472551001943,0.79710147224952365708
1620391334262328008,30.720540575969504715,9.7939531332832370225,-0.0064527428806210977708,0.59965194839539659455,-0.014524364735911499819,0.022529992572647695309,0.79981184227828849842
1620391334462329008,30.742322941232021805,10.020346873423555678,-0.088245880062014989131,0.59745797088186403112,-0.010430339242373191239,0.025510688153377432397,0.80142646939206785284
1620391334662337008,30.734428273023649325,10.235536137686850111,-0.067986272774259004503,0.59634390451125207644,-0.01377044648733294005,0.025255557921004166688,0.80221348726457153422
1620391334862352008,30.803971229615637384,10.373780711029306545,-0.075889287378912054227,0.60708616841825113752,-0.011826737232205869477,0.026716662504119897265,0.79409869181709979991
1620391335062360008,30.865005028965011746,10.453288903205820048,-0.084860981525621548283,0.63114117674862957319,-0.012330090527533497935,0.028359894371951310105,0.77505128879998330671
1620391335262363008,30.918764306821959309,10.697476982737384787,-0.070947843832097720607,0.65436533334989166466,-0.013612835652904073033,0.027118431975529724842,0.75556951491042978475
1620391335462369008,30.983751211344181087,10.902098337086830071,-0.056605166706270859667,0.66420817375576313157,-0.0093347793185315115772,0.02879944489663047516,0.74693437180531174757
1620391335662501008,31.027167667201684509,11.090012284116971486,-0.041472577216981193482,0.67113640906371396788,-0.010220166557147081221,0.025691156486208482912,0.74081808367673063209
1620391335862508008,31.047541114163720977,11.092091762731259408,-0.018803945582232878958,0.66769738953251689395,-0.0099728778338940560211,0.02519728140376862463,0.74393940259168678253
1620391336062516008,31.113521171387038322,11.104076696719346273,-0.021204914369950540742,0.65740452120078030074,-0.0099507729042862431978,0.024607391164023321994,0.75307021845435961893
1620391336262523008,31.196458347563730484,10.982230570958263272,-0.036849304267611571184,0.65884304778303515171,-0.0095695604850751410375,0.024691238476322964479,0.75181420885881455884
1620391336462533008,31.262009091131357508,10.712542805131917589,-0.016244761330394631715,0.67057347115523302516,-0.0074930889306949119422,0.02713508032149953772,0.74130881609251386699
1620391336662539008,31.325733419521760936,10.79641058043931956,-0.017142264924018480593,0.67314681916784502302,-0.011163643893443356628,0.028463787694172331538,0.73887654292769133768
1620391336929168008,31.396941118072604127,10.948442512998601828,-0.034875113968560508826,0.67043943426129881669,-0.0077857618925749258465,0.026428957029391686451,0.74145253194585125645
1620391337129173008,31.405633055639786022,11.250449006683783892,-0.028583594627013767658,0.66085388286558000015,-0.0098226881988458403933,0.022314467285235214944,0.75011847387410635069
1620391337329189008,31.437625334324046378,11.326794659244630026,-0.024818428758463673828,0.65856039381983944025,-0.0084270599399508365479,0.023102038538856894956,0.75212597892066912486
1620391337595939008,31.489293012805177341,11.581714352002940416,-0.022262193298676354047,0.65264372756764632566,-0.0084304616108946787978,0.023221128670690857621,0.75726208895353763761
1620391337795948008,31.517914335717740926,11.661605929502687928,-0.023801128477058140775,0.65276194382022922902,-0.0078797878087873956393,0.023531090633978044707,0.7571565501381325447
1620391337995959008,31.548519215370564694,11.736439274079046413,0.006656269168796843938,0.65083508046719740214,-0.0087662193919362078887,0.023740863067152746108,0.75879722116717451819
1620391338195968008,31.571770131013806804,11.71503370054911386,0.010673140655097298687,0.64937366568905308117,-0.0075369308870357736713,0.021062578020816503238,0.76014038492165836303
1620391338395969008,31.599467394021250044,11.793660966762091746,0.012238486109664917581,0.64857141098428594539,-0.0091735791280700539757,0.022993786885671305825,0.76075111308748510908
1620391338595979008,31.598922494994209131,11.925637159834616696,0.045675370191663164365,0.64499134672039648564,-0.0090983878651627186906,0.018089652489287205706,0.76392155779649706382
1620391338795986008,31.633631702484240833,11.899521229294933278,0.044465222184514478776,0.64834556446304392185,-0.0089456450750163857971,0.017896634160201110864,0.76108325100502427496
1620391338995997008,31.643951514990561691,12.172075726653163841,0.013602482079975983242,0.64699164730135938495,-0.0083306600916169815108,0.019309762770737395193,0.76220702009742369309
1620391339262626008,31.798564763477973116,12.354382617485335061,0.035739552097330103131,0.66637571498523695546,-0.0071225731582723545224,0.021131186151876733131,0.745282596335596903
1620391339462634008,31.961493341265128976,12.386801097846385389,0.049642891245259654354,0.67965878000425861138,-0.0077333412293462619469,0.022650703744415204288,0.7331378341184285885
1620391339662666008,32.061539820563112357,12.677149627495472473,0.102480633808885363,0.665169168912448594,-0.0098755711852337377255,0.024440066644577481542,0.74622726629618751915
1620391339929400008,32.091377051931118558,12.536128979527347838,0.16810725125298148219,0.66038563977230446689,-0.0099999289095744885864,0.026128823630304654629,0.75040528568193887171
1620391340129407008,31.968621987064175016,13.24646774904433677,0.18558583276132928352,0.63057217299132450883,-0.0097962999578564483039,0.026080600506848471837,0.7756304335394629268
1620391340329414008,32.016805244124284968,12.759311474557421207,0.22841380032795505217,0.64269928615453542076,-0.010324655145463960612,0.024888827848815811561,0.76564454893912836653
1620391340529428008,32.13149331680444476,13.475436606689605412,0.24094161561114674219,0.62565930317576301523,-0.014139598775662854876,0.025385115463221998716,0.77955506797676332731
1620391340729434008,32.090126521371210799,13.373146092064525092,0.32354685518146369949,0.62400939387827158988,-0.012851743490808847231,0.025865612459076897656,0.78088288438938235902
1620391340929435008,32.123635979874386237,13.591728666080992838,0.25550919009897349321,0.62975536274256771474,-0.014125484331584026512,0.021423333177880560241,0.7763695605729183935
1620391341129450008,32.251532212908692543,13.783419202795123226,0.31058602281228686603,0.63291170671624019661,-0.014970509464080385131,0.019250365419353883401,0.77383982759897540493
1620391341329455008,32.232275322702413689,13.932335836311816379,0.24403577635965151282,0.63432001721555419937,-0.015176901537262853584,0.022231477627500592642,0.77260179835485365274
1620391341529459008,32.242885287174338771,14.05354940199190672,0.24664340032090487087,0.63997101329998618002,-0.019662696126952799308,0.019468512763987422254,0.76790068207213479923
1620391341729465008,32.192871208597402699,14.25177801235331998,0.25336257907419723612,0.65747357158515407072,-0.023161876615684372921,0.013221971784657910592,0.75300545124199458336
1620391341929477008,32.178781265007216916,14.445997278939360697,0.25660274302092800358,0.66901638275170349779,-0.032655609275884782405,0.0077242383162740005029,0.74248974870663619896
1620391342129487008,32.168141855172358134,14.698841876758578451,0.24778242162873442833,0.6549941592383344835,-0.016458497964407643038,-0.0042974933038698731602,0.75544245363829620743
1620391342396113008,32.111900429777499255,14.87629191282238672,0.23061802978293133304,0.63635579858256918762,-0.013909858907897436689,-0.0082758254948067811602,0.77122585806438448408
1620391342596119008,32.026505838384046854,15.201131748554447043,0.24547908996425910066,0.63007502572053575296,-0.01827616100598845883,-0.005248038254637164661,0.77630142470297258672
1620391342796129008,32.054405363213128055,15.272884984164601718,0.2507388691431086114,0.63736098785610895145,-0.019664543405249076957,-0.0029535977760443282714,0.77030873885162542969
1620391342996143008,32.159956253539043303,15.142375697710741989,0.23879540885025918318,0.66081941286456324924,-0.024711130894554598353,-0.002401175246670396099,0.75013418662796860215
1620391343196271008,32.160446982306595487,15.341797156580804895,0.24874763602534555318,0.67627511788996108599,-0.020956721306435267121,-0.0046670203934599842344,0.73633620016607492786
1620391343396279008,32.188748913194203283,15.439105095214509689,0.26723072431182948172,0.69498298727545293474,-0.018450651225688192297,-0.0056706482899387330998,0.71876704474705577219
1620391343596281008,32.181018548910230948,15.64942948899012265,0.26919561530128843785,0.70478874346487685454,-0.019208119882739946305,-0.0080063631956856992633,0.70911196109188479042
1620391343796298008,32.18826151663517976,15.885617688883691301,0.27095552991704424661,0.70452772652007977783,-0.017432228242757599745,-0.0077837146016416511665,0.7094196316492560328
1620391343996302008,32.228792399611599251,16.030487916079039223,0.2852758608357263137,0.70394060365463684281,-0.016829255873982075509,-0.0085874934666837002273,0.71000750533248224716
1620391344196305008,32.265105896364559612,16.193168710077472383,0.29802116890587632136,0.70360338687385914902,-0.01394755311798596964,-0.008119099856792750744,0.7104096142075984055
1620391344396312008,32.313009103506878716,16.346273367472388571,0.3078082798157378841,0.70360873317895433754,-0.0092682176292742234763,-0.0078244127388070374568,0.71048408096240356357
1620391344596325008,32.569037620252601073,16.271480429121499611,0.30880678374769099381,0.71472054260935047321,-0.0097226892792645156632,-0.013387833916057160707,0.69921440287500602473
1620391344796326008,32.571962708005081311,16.514428316983945422,0.31832381689323674401,0.71314958260173189064,-0.010665767747321076159,-0.0089841454036212881062,0.70087316924257825335
1620391344996341008,32.602469882959645986,16.730702732721272952,0.31915907099730272956,0.71111969277177877746,-0.011195268808131618454,-0.0077458025758373261552,0.70293915174100718435
1620391345262973008,32.4509685982183953,17.192320582946539531,0.33310728258728439233,0.69732414599755010443,-0.01334194578310429237,-0.0044850925243383231791,0.71661768875457199091
1620391345462981008,32.629506167988154175,17.137034564896094224,0.32037784124565160671,0.68991994109080767572,-0.016652264400041957848,-0.0077656307049163439751,0.72365245246231946208
1620391345729734008,32.389986216059106994,17.717126680461635857,0.32403276037113554198,0.64697413591668695432,-0.017448765669802180495,-0.010248641921954886741,0.76224338197812568918
1620391345929741008,32.577065518190408966,17.656627279852774137,0.30921889201518276691,0.64337383495703859282,-0.01787417369860545141,-0.013398806566396815818,0.76522617204920972966
1620391346129764008,32.69035780031455829,17.749162465973547853,0.28095480435420711052,0.63744295380213900071,-0.016539535591286857324,-0.011257906325658031607,0.77023774508575770792
1620391346396383008,32.587652392452724825,18.107822861103674228,0.28354228712679097058,0.63225046555846065033,-0.021021366655794196387,-0.011271975279894701216,0.77439679332852473514
1620391346596392008,32.570430273719843228,18.294403493212012535,0.29549648958093766016,0.62967981921335947071,-0.019803895272494525387,-0.010263870944001003693,0.7765344705548357096
1620391346796415008,32.527299448627296385,18.507681302109531885,0.31161914681702956864,0.62793862797863542191,-0.022914775183786463553,-0.01151824101219767367,0.77784016526130106417
1620391346996419008,32.487217148044244652,18.722674274303919617,0.31013550698335390354,0.62416050389704968993,-0.020826755124910788924,-0.014069404456802905162,0.78089177451380564765
1620391347263170008,32.552352946461056149,18.83649770340415941,0.30677960711927743098,0.62831863881139682348,-0.022358492849060180446,-0.011612783285909741848,0.77754802371507492076
1620391347463175008,32.500967602148882918,19.084219175658574841,0.30870258062192135196,0.62561356973540804827,-0.025859834205983360522,-0.0096736628287400205917,0.77964437443258249871
1620391347663188008,32.423949032714858731,19.348106643096926405,0.30728081518478034262,0.62092575358799462215,-0.026420564300002717661,-0.0081948589476103436691,0.78338113750536264579
1620391347863190008,32.331514512746664991,19.602390042619468602,0.30960963213760378521,0.61375242970352250627,-0.027995678950280471903,-0.0086280373827435294376,0.78895484912835356361
1620391348063195008,32.280536066006732199,19.821912044825300114,0.30767279797072993874,0.61017124312959314381,-0.02621122003909502618,-0.0091619330203272751623,0.79178285216601407281
1620391348263202008,32.223011116782082297,20.047232487666221346,0.31263693942576831208,0.60781055220932778127,-0.026512526408971170966,-0.0049682188689634341344,0.79362379964736995408
1620391348463222008,32.281492785341626472,20.125135655291128245,0.31891742649884358141,0.61137701600193927742,-0.026914524717689611299,-0.0057871133730107767595,0.79086045670627447279
1620391348663224008,32.16514680142374516,20.389593747890611297,0.3521314940671135818,0.60745417930549017171,-0.02485780100616676383,-0.0048763269317454926641,0.79395071081782497835
1620391348929851008,32.011625597519667963,20.747193340853549159,0.34649002941414142054,0.59813313633913156586,-0.022065419678779788631,-0.0065312267660549323811,0.8010662965968825544
1620391349129857008,32.128283322082879181,20.794690418607196136,0.33630879587754769489,0.60087980034823207376,-0.022848883328017641214,-0.004850627412170537868,0.79899803846871142454
1620391349329876008,31.95748576714177247,21.120861271823397232,0.34433627849782649788,0.59322246756288443681,-0.024677413104301881841,-0.0059383909743860171723,0.80463834408552070698
1620391349596627008,32.030770092712515407,21.23908614908883763,0.341100592047986928,0.59469579564584718057,-0.023791235240520545308,-0.0047701782424715184761,0.8035845525925641164
1620391349796633008,32.07518814656812367,21.338834729762474751,0.33795603281731451117,0.59726298356810181289,-0.023296089082941253551,-0.0051215046864670557558,0.80169070774301520732
1620391349996638008,31.95079440522747305,21.59798728378853383,0.33575645159875916468,0.59419884219385643576,-0.021605723670049804125,-0.0022835034061875997095,0.80402469753816030451
1620391350196651008,32.050595177437116945,21.668722669974730621,0.330616335072555112,0.60523629911274923199,-0.023882264879315936307,-0.00070111958489411149026,0.79568723006648278684
1620391350396655008,31.860742890697814289,21.995324971677241876,0.32879754285308104844,0.60313591896630114331,-0.027273905579841710434,0.001292157821308379537,0.79717095259063242008
1620391350596662008,31.808181155182467137,22.196449027201044402,0.30320101636580359949,0.618533102163347559,-0.026470140990387476532,0.002812127541068699596,0.78530772637347934229
1620391350796668008,31.871714330157164596,22.340757744855295641,0.29052109576174656169,0.63655404490593436861,-0.031634691235616720084,0.005444266055361072186,0.770563789825710721
1620391350996681008,31.59082658450495984,22.760057798080385538,0.25939205394889047751,0.62639706918980042616,-0.032479386159014966839,0.0061615175155508988825,0.77880282285450663782
1620391351196682008,31.588884336053311586,22.908447419539765377,0.24167109931134805878,0.61520477726799627227,-0.031185544340913536054,0.0093407459309784515722,0.78769492464740431537
1620391351396687008,31.620789670955854689,23.043672781137537697,0.21582649974074213928,0.59723220714614877469,-0.024158661555106486496,0.0059881201818137450368,0.80168210173038245703
1620391351596694008,31.554781686235514826,23.27730029926204125,0.21230462444107650599,0.58694065844302889534,-0.025416791529045835996,0.0080356419777054526737,0.80919100256474374433
1620391351796715008,31.562718563458275867,23.447806546592321553,0.22914376425536597814,0.59082932305717361654,-0.023821909603470258626,0.0077688989554638016033,0.80640738578374693279
1620391352063338008,31.692014523863043962,23.59409400225884923,0.22892959043019212029,0.61536193480241707654,-0.022008742698299998963,0.0085934724252841755004,0.78789051058618508883
1620391352263345008,31.78561195521622551,23.722160257190324728,0.23714599367301003596,0.62511990756348356779,-0.022132209734193667577,0.0072017130444433754069,0.78018164666209910418
1620391352463481008,31.953996619806627422,23.759629147288769957,0.23600146680641242991,0.63267109618893480061,-0.018841422819011969386,0.0072678329384547107547,0.77415726014596553117
1620391352663495008,32.016207545837851001,23.872683715230486712,0.24974674028653445768,0.63453282144988276681,-0.019043897562863870698,0.0072000045544052381635,0.77262771656339734871
1620391352930119008,32.085282662128363995,24.080803669685163726,0.24940376383583662268,0.63566706713699927533,-0.014791538945441835839,0.0065424849393519645888,0.7717938753468944757
1620391353130126008,31.927719776694189591,24.365806652155221457,0.25660518202218196571,0.62919536549719246032,-0.018332650275685959118,0.010398959386494840626,0.77696136816025795913
1620391353330139008,32.32586230107085612,24.263170509120215002,0.2577895659256326244,0.64434590772376898471,-0.018753991208780539102,0.0157177956126138621,0.76434258674600008554
1620391353530146008,32.209279261429031749,24.540345490040419207,0.27829568571721452486,0.63968802299401772427,-0.015745943653732694806,0.015418505520082014665,0.76831866317503905162
1620391353730147008,32.078181911457605224,24.846710710852093484,0.27408450676053663919,0.63274276191002176706,-0.01379434847623965156,0.011425721377807474335,0.77415487216102640833
1620391353930155008,32.059618383120209728,25.054733667032465405,0.25961560718270126902,0.6316576883288175237,-0.012802265594679396177,0.010286197210982589434,0.77507345517488435149
1620391354130166008,32.055285329874600109,25.263670020514751968,0.25539272064622886571,0.62823330158131018841,-0.014076495832769190045,0.0095648379744771166999,0.7778388553697237473
1620391354330171008,32.09058787677108171,25.428717088579507077,0.24345505178674053948,0.62673232154252178638,-0.011480004118310516148,0.0083728623247579479771,0.77910506468312157313
1620391354530178008,31.813458194984193028,25.806074650374334567,0.24945281858018245047,0.61513380660440686309,-0.014065330281610933377,0.0076972246427550192541,0.78825967751003511719
1620391354730186008,31.529184828597131229,26.176067631891886123,0.24937534840008204751,0.6036947714895224415,-0.012372437807238439306,0.0054552825240545216659,0.79710086284637360343
1620391354930201008,31.42503579152925397,26.430842561043789374,0.25095529856678017167,0.59787977538080516737,-0.015469932609440276497,0.0097616865435855623007,0.80137704287706068573
1620391355196950008,31.4014299056741919,26.69350609886019754,0.25699093826577529276,0.59286238234002908154,-0.01520282556034650151,0.0066131160967139611048,0.805133117189606895
1620391355396967008,31.405767196621017234,26.866601319550998284,0.26086059195471256178,0.59291277892353333456,-0.017846706563936325096,0.0087659574537431745461,0.80502117341271550721
1620391355596972008,31.429960147337791199,27.027025615544566506,0.25375497966417931428,0.59417445438068672292,-0.018264361159744106622,0.0084319548172252754836,0.80408459319257985509
1620391355796979008,31.467039339184317726,27.185765934103429231,0.24805816587920057059,0.59719257479086162999,-0.016305200467378218321,0.0098869015209448792708,0.80187119802969841764
1620391355996980008,31.400487227267205981,27.419658857115276618,0.24402193334928412582,0.59531680820481469585,-0.015961146436309834457,0.0095477770243430626351,0.8032757805548744745
1620391356196989008,31.494396298290364911,27.550028556364715371,0.23818250742196983571,0.59792149717588649604,-0.013847843921979779286,0.0086975883081333929536,0.80138784142896279938
1620391356396993008,31.38448234189202779,27.810043187543197263,0.2429722630970082009,0.59281795474258236478,-0.01377816372688436472,0.0085988019424164657128,0.80517271149931401997
1620391356597010008,31.064393951924554216,28.179952454877877699,0.24002131188823874752,0.58278777399727177411,-0.011699422103766588324,0.0049148498115808830072,0.81252530929927790915
1620391356863634008,30.814900399946345999,28.547537303400769559,0.23513040301430321311,0.57703889037600752943,-0.01490960879614654927,0.0059865048436690141212,0.81655862270734191899
1620391357063642008,30.814121437835574113,28.731918444726908035,0.22460618647807864545,0.57400227215043342355,-0.015670250729161144809,0.0045078822266498581178,0.81869134220707451277
1620391357263656008,30.735429599303724757,28.946870682902716254,0.22806497249538143501,0.57648446964645005952,-0.015991811669080872177,0.0066062737032622428912,0.816924889670112786
1620391357463667008,30.65544893240920743,29.160489395173769367,0.22587797972885551023,0.58577279729853048984,-0.012646193432691289066,0.0057290532848917980965,0.81035639177093021779
1620391357663670008,30.579351284568286218,29.38580194808159618,0.21430612880238575357,0.59798879184274067455,-0.002379091562083958649,-0.0021745739070522769956,0.80149798251836579244
1620391357863678008,30.558514687463215864,29.603520098343572897,0.23095373681612174632,0.61027107930123392077,-0.011111004559382879273,0.0061154307058240023678,0.79209112913377166532
1620391358063811008,30.588065081703216919,29.776555834271817957,0.22100944220142784702,0.62234840091064402845,-0.0070027477881279076924,0.0051866964750636561365,0.78269184714423312155
1620391358263823008,30.578456755745783369,30.020383461582326845,0.20748656955128003121,0.62215558666642667429,-0.0087636627906948569994,0.0074137126870282878122,0.78280946663759254367
1620391358463824008,30.559123284147712951,30.252887733557454197,0.19648884809033242971,0.62254755941711370504,-0.011401754601411946341,0.0074105289340966650283,0.7824638140615282067
1620391358663827008,30.576861401781844307,30.46402744375490812,0.18025512076298522146,0.61892149331316992367,-0.0079660350968140062472,0.0087720523281445625385,0.78536346903631726324
1620391358863846008,30.494518105759581772,30.726207779989575641,0.17153124972387598368,0.61741739428614939023,-0.0082745570461945586876,0.008671005106899222839,0.78654440854155971419
1620391359130471008,30.47610498527705758,31.048885757797879847,0.13166110127840785493,0.61634342479282888672,-0.010326421350092386195,0.012567317155517645361,0.78730947554009256262
1620391359330479008,30.457403920752312843,31.275270453076355892,0.10028985957758303205,0.60562213301347667116,-0.01249523162364274062,0.019230660162006592284,0.7954218270197975782
1620391359530490008,30.435997715371581052,31.519759255543579712,0.096287459744711076381,0.58835122613446455553,-0.010515041885010182471,0.016830216088582192202,0.80836193157857982872
1620391359730496008,30.512738095620534295,31.708622329848008548,0.067716238542038786896,0.58211584158146412182,-0.0053301602865094997383,0.015803654312051079733,0.8129347949745939772
1620391359930504008,30.320172066096162666,32.043447194623524865,0.067139961204741457901,0.57352748710570844448,-0.011654210217995614532,0.018622184305588262987,0.81889169929168204032
1620391360130508008,30.014190216840347603,32.389827083821401743,0.05848905782503750761,0.564576455188970594,-0.012573901720067030482,0.016221431459841773731,0.82512555917378560544
1620391360330515008,29.933041198522673199,32.620480434731476294,0.064910700506778065688,0.5599689501814514303,-0.012202865378532355006,0.014858867899392506212,0.82829045566915793231
1620391360530523008,29.911860661554626972,32.859787893837818729,0.01392448321245697701,0.55205075051255114715,-0.0080228117149001246938,0.013112961903731465765,0.83366879129508641988
1620391360730532008,29.951633217991787461,33.092071207872571392,0.01555820606216013445,0.5479585699502855789,-0.0084976102877992003293,0.015234818203384846089,0.83632355972452121495
1620391360930537008,30.031571115750573142,33.297175182799385595,0.0066042883546260418987,0.54287190882900382416,-0.0086463467547094816079,0.014499545765009910422,0.83964581489058320862
1620391361130538008,29.753078739637260242,33.598925049952320876,0.004742024375528279545,0.53433734377165498231,-0.013125848081950986651,0.014924626842652327988,0.8450376149469550624
1620391361330557008,29.937112144838657457,33.612673749277433899,-0.0068407541046991201389,0.53727361190354294695,-0.016191669031239801224,0.014136655917275538219,0.84313406452594885643
1620391361597309008,29.928637805239976188,33.741187714461922553,0.024635310493044973446,0.53656032535326081412,-0.025153363497673580929,0.016407054610136525413,0.84332741809989386628
1620391361797317008,29.884728897530980163,33.84012795575125665,0.067187347547885134524,0.53353852803380408254,-0.02966988619041557862,0.019056021357660952315,0.84504035702764856985
1620391361997324008,29.599106012110809161,34.141992901295971308,0.068247843918470191271,0.52216968882229997106,-0.021734630438403363534,0.012798941996484406586,0.85246853842065162254
1620391362197336008,29.472659450562524341,34.34582526738096675,0.061506528645190197691,0.51316905627742215312,-0.021106171903303369564,0.011885782464765784136,0.85794567273248456551
1620391362397337008,29.433187239551017456,34.540286885002117856,0.042673256481030430454,0.50945598516597756511,-0.018494856562550510137,0.0092941201282758893754,0.86024773105691343389
1620391362597350008,29.255125436500268421,34.766564414248549042,0.055542590183766574197,0.50232465122232528021,-0.021423419169138379486,0.0098031689508698959673,0.86435807381094065249
1620391362797353008,29.096540029290189011,35.004905482251629678,0.035526063082898615142,0.49655979184090931478,-0.020513322922986260838,0.0093041676331259686589,0.86771021036625040068
1620391362997370008,28.812459287155334664,35.263643728149162371,0.025177047560377665419,0.49127406914474042177,-0.018674836795459955063,0.0073132740486062473156,0.87077411277491623132
1620391363263994008,29.387492603532930247,35.308615221014910901,0.036134201442260482917,0.50441309972395431682,-0.017530953652342508298,0.0084505111250308354714,0.86324311717545920697
1620391363463999008,29.590212549837552558,35.416309690517458364,0.035671064137009995954,0.52880231675635769317,-0.012607095248739142584,0.0072860473894455742364,0.84862010608651916588
1620391363664138008,29.277458662279514101,35.733895663838062262,0.021813633991745740026,0.54855365349846152423,-0.016350422973675105692,0.0076216602427499396608,0.83592072781796078473
1620391363930771008,28.912238539216012612,36.119431063166665297,0.010027031608794629777,0.5604071451889011124,-0.016650503934235918319,0.0079034485978134554063,0.82801215440281383806
1620391364130773008,28.624028056130292441,36.389348255880321403,0.011964889479638432523,0.55815521331476891653,-0.018832725102172619136,0.0094082535874673422355,0.82946945156391949094
1620391364330783008,28.715098943861772085,36.557669991264837961,0.014933164050328353104,0.55900162841701872551,-0.018020005919556082719,0.010725160188858159221,0.82890133897300943833
1620391364530797008,28.685538243369737899,36.756818447458279309,0.018384863481467995233,0.55825434659744732624,-0.017525509591407577303,0.010785733517651063113,0.82941461825171525213
1620391364730797008,28.53461002873094543,36.994143475243106423,0.017545481742821944504,0.55532673909884411323,-0.016079983022234355799,0.0099415394590946122577,0.83141735174311937051
1620391364930806008,28.466519459614826104,37.204450261875187778,0.019137737707727375119,0.55469176093523642201,-0.015706595403617247542,0.0090881470693689580392,0.83185801600557973678
1620391365130810008,28.461344556556436913,37.395806863866468461,0.023664586865427640616,0.5648094802159927541,-0.01347975306633742397,0.0063982560665576471495,0.82508642555388100881
1620391365330833008,28.191982461235042479,37.648279033000136451,0.036341976359449884582,0.57135817572033054113,-0.013099047436218288001,0.0072856475134566904897,0.82056393372649971685
1620391365597579008,28.236802985993293191,37.924491022094990456,0.03141257721943772202,0.56821771422389022455,-0.016958857045546716497,0.011833985456252681459,0.82261837032531648362
1620391365797586008,28.146063422154401934,38.133761809293403644,0.008488963832175008134,0.5532959681925960771,-0.012447365574545739275,0.0073148855662598238903,0.8328596082892338881
1620391365997593008,28.065001940369207034,38.375210674119664134,-0.001308339386369809787,0.5380691705403992664,-0.012917858827565385088,0.013063036724893478668,0.84270045313097929895
1620391366197615008,28.137404278512352818,38.634346999243888376,-0.025646359396871199615,0.53498954055656955386,-0.018097022506071650666,0.016988485709713802702,0.84449397903306655522
1620391366397627008,28.19313447779357773,38.789231353661570267,-0.011444968233313895789,0.53790239511310800058,-0.018912494175218019093,0.013428633079134277839,0.84268796283536862024
1620391366664240008,27.948423517982817543,39.044755451594326701,0.019158479659948001589,0.53518239427960023757,-0.017957478316003937235,0.011879007724207038543,0.84446209091911961231
1620391366864251008,28.038791748082577016,39.239570709841423479,0.011966352340282730357,0.53691854989069354165,-0.018911981854795326119,0.01480910329320282541,0.84329205983667032687
1620391367064254008,27.936328171104275242,39.457652564685723462,0.035780838990847788073,0.53414919067863098068,-0.018532480355725976934,0.011763917805693991162,0.84510520025934554589
1620391367264258008,27.860829949547419204,39.658164905503852538,0.0093790301686054039498,0.52697961604588883233,-0.01505116457317851042,0.0092397619095594650529,0.84969440007288032923
1620391367464273008,27.78505842872964493,39.816479164880611563,-0.0036739101449306706126,0.52148124848220633876,-0.018572260075015112335,0.011221980372452715694,0.85298677937694478146
