#timestamp_kf,x,y,z,qw,qx,qy,qz,vx,vy,vz
1620391242790392008,0,0,0,1,0,0,0,0,0,0
1620391242990407008,2.4110235313868757308e-05,-5.8407406186376415748e-05,-2.7786124795274477718e-05,0.99999999260890826136,0.00010643052670920814524,4.0952435071272638863e-05,4.2161885257181041945e-05,0.00022257073860146585516,-0.00056911533706442002378,-0.00020534692946993238498
1620391243257034008,7.5797766455660433682e-05,2.7622080399657364413e-05,-7.9122253911937322316e-06,0.99999999711993714513,-7.3681907057679632707e-05,1.3418165098335829867e-06,-1.8146671922297432912e-05,0.0004253130762279518735,0.00013163729958663508159,3.5597563436150771269e-06
1620391243457043008,-2.2309118754662014318e-05,8.664877879418982041e-06,-6.2452058202566190944e-06,0.99999998546380164388,-0.0001345163166788731178,-8.172235769151522933e-05,-6.5568386945578707443e-05,-0.00036129351859553001563,6.5739328675426707271e-05,0.00011678384783772673865
1620391243657047008,1.7267967850866483938e-05,2.1919744850468546673e-05,-1.151768922549400576e-05,0.99999998815915014383,-0.00012830595076740951678,-3.7341097697192885741e-05,-7.632119772548013009e-05,9.0781376353341703767e-05,0.00038337967499589347894,-0.00020677247501585253094
1620391243857063008,-4.4893633095525801009e-06,-4.2564808251023436396e-06,-4.7287950339566708013e-06,0.9999999883461571093,-0.00014480326772091224141,-3.513976969501017805e-05,-3.3239973585645071091e-05,-0.00018782847385715009713,3.6918852492885929439e-05,-3.2750113896704272814e-05
1620391244123690008,1.0087486596714100929e-05,-2.8437324009106548052e-05,3.4822117444028582328e-05,0.99999999461980459969,-9.158625969604865572e-05,-3.3133193421464631877e-05,-3.5700691588829099358e-05,6.1196025019357694515e-05,-0.00015112923669423025154,0.00034290849467975262257
1620391244323820008,3.2841785976496410771e-05,-1.7403957053899800242e-05,1.7310846103519941412e-05,0.99999998939529899378,-0.00010224432346312364189,-9.9567020699433422966e-05,-2.9015661072765572205e-05,0.00021610075897945561297,-7.1783922326471613206e-05,0.00041458743771362858727
1620391244523836008,4.084866613783210928e-05,2.3894500995748046133e-05,-8.7736645997455698048e-05,0.99999998827198832707,-7.8901529758666563035e-05,-0.00012893472058221689736,2.4625384297657815794e-05,0.00031747476633682168105,0.00038333945214577363168,-0.00051804317023091512543
1620391244790458008,-8.2925748560918732116e-05,-6.4247909954625901188e-05,-4.7182861970613751684e-05,0.999999985517958212,-0.00014285415080814687933,-8.6891490231972358686e-05,-3.1727649917620632711e-05,-0.00063169491305755331133,-0.00030030208370669978727,-4.1507449713686599265e-05
1620391244990467008,1.7593815750029540029e-05,-3.3112371186901789653e-05,-3.5299688398906877329e-05,0.99999999024393859681,-0.00011671028733759375375,-7.3782133681521967186e-05,2.1143036925600964643e-05,0.00031303107461307799622,-0.00019517483352644545477,-3.7457387629828060882e-05
1620391245190479008,-7.4082617068360154147e-05,-2.4696867369210542245e-05,-5.4023783081707518272e-05,0.99999998336303874691,-0.00012172161740519947092,-0.00013157991572693386487,-3.3830391529057628512e-05,-0.00076380011382399279167,7.9998359084322527156e-05,-0.00025062530739838087242
1620391245390485008,7.3404348201068080493e-06,-2.4958374621981053814e-05,2.1580653680293013696e-05,0.99999998888923780083,-0.00013149184670621809671,-6.9465817775812128097e-05,-1.0291649222252233602e-05,0.00024520514433628274762,0.0002164779961556786102,0.00038145540490238955683
1620391245590489008,5.9926319177982562039e-06,-5.47029567022832235e-05,-1.0648945379496973064e-06,0.99999999444835141471,-9.6808322027076349663e-05,-4.1508346910291349298e-05,-2.9158556468663361339e-06,0.0002749476141960594585,-6.4411496067221436529e-06,5.9042083149636408711e-05
1620391245790500008,1.3760340290580812641e-05,-1.1840284093819448215e-05,-1.3565548661625494219e-05,0.99999998406774859294,-0.00015714767699333956666,-7.2452148578830544005e-05,-4.3815469600493941202e-05,0.00016703694256881492799,0.00033199179872199052451,-9.8887022291981991576e-06
1620391245990507008,-3.2583243633412350255e-05,-6.3916919930107854875e-05,-2.7857813201414736385e-05,0.99999999375426062986,-8.6618911869818575821e-05,-6.6749955670817960997e-05,-2.3088645484130108216e-05,-0.00024249484768883614407,-0.00037499049253952014158,-3.6207834903932597766e-05
1620391246190519008,-1.4191707205083618022e-05,-6.2873862900135371167e-05,-2.3372024698761633847e-05,0.99999999161091190913,-0.00012266801246462385468,-4.1401816755741746394e-05,4.0772062823181763112e-06,-0.00027760261506199168354,-0.00037068603327038954394,-0.00017486389715719573854
1620391246457270008,5.4186584275490361304e-05,-2.3588405811141467395e-05,-4.9332540533999404294e-05,0.99999999790614257922,-6.3471391879127634348e-05,3.9808791455322394237e-06,-1.1968668506688163623e-05,0.00038782965045789730488,0.00011099019089952840973,-0.00033804848993108184202
1620391246657282008,4.3834871160447173041e-05,-1.5811586343177676657e-05,2.8543458926243559079e-05,0.99999998699754855114,-0.00012878952608485195433,-8.8633846440516679847e-05,3.9524692157855461554e-05,0.00023008277746567590131,0.00052252858032296076955,0.00010247453417428009431
1620391246857287008,3.4603784237631724039e-05,-7.5995553587825353907e-05,4.6048939776107956868e-05,0.99999998604339068731,-0.00014878798017502146696,-4.4870969609802213577e-05,-6.1334744791612910817e-05,-0.00010056424063765080515,-0.00023159547076080666018,0.00032910799255727967143
1620391247057302008,5.6563485353125528916e-05,-4.3628462147452017408e-05,-3.7528224378223206119e-06,0.99999999748001699995,-6.5613950906232631024e-05,-2.7084253217592015939e-05,-1.1035904499050785122e-06,-2.6458826299940833848e-05,-0.00017319376220336233567,-2.8436666050215140731e-05
1620391247257305008,8.2139582228353292268e-05,-3.2608258949180339299e-05,9.9820788093484534733e-06,0.99999999122234928262,-8.7175006466623018199e-05,-9.3654519600342185236e-05,-3.4418743090154697742e-05,0.0002251395125409019868,5.1001032510467227262e-05,0.00010735207624746454414
1620391247457310008,2.6018752682944190917e-05,-4.6910161730765257955e-05,-6.2472805050905585371e-05,0.99999998896273101234,-0.00011745832581871399475,-7.0948798860145486831e-05,5.69591689588121999e-05,-0.00036602999332171733474,-1.1408226192594517635e-05,-0.0005415353282818206708
1620391247657315008,-2.35251414085308429e-05,-0.00012842372159405007,2.8230058334486674617e-05,0.99999998304644244218,-5.9542902672871576527e-05,-5.5745196737684787013e-05,0.00016508855178515879935,-0.00337978542934142933,-0.0016540268709519813893,0.0002940164687617047171
1620391247857334008,-0.0029161316942376445602,-0.00098675030130720639554,0.00029576182607739801749,0.99999614071485487532,0.00061688020410656226131,0.00023482071237160824051,0.0026986799444293956343,-0.045151244411574205373,-0.0029531535177777742431,6.1468082758631289141e-06
1620391248123959008,-0.010672050130436644758,1.2481481276348151827e-05,0.00038338379195528504099,0.99996547280035052996,0.00055829080798156221349,-0.00064361583913509566156,0.0082660315264527009504,-0.025606908919725491353,-0.0013687524283669658034,-0.0020338197356541327411
1620391248323963008,-0.012651321328195517732,0.00062464502799642598538,0.00039284986909629950394,0.9999551015218116623,0.00025867428450433038343,-0.0010210951045073503318,0.0094172922278694670695,0.0024680025066389880972,0.0053348520044384385025,0.003534018899829736212
1620391248523978008,-0.01163313275444476623,0.00025936141057572532692,0.00068767672107883858704,0.99995575125961166929,0.00015249514863864731197,-0.00099253594974639297761,0.0093534560694729946412,0.0024935268543755787808,-0.0039021080370814347632,0.0016436789287545786487
1620391248723981008,-0.012565370822722722599,0.0020109787031072673576,0.00011671903057606626086,0.99995468187857827758,0.00023502479907395879412,-0.0010826379937840717536,0.009455519416162046567,-0.00030193147912494080554,0.0047179912352601337949,0.00064983749640557756516
1620391248923983008,-0.012677978028148904552,0.0021822383858387276942,3.5100484837027296045e-05,0.99995491073784692482,0.00026551647940674030909,-0.0010667639721324538322,0.0094322853482827519189,-0.00078471245578616707298,-0.0029344902082091648549,-0.00075875126791434739128
1620391249123998008,-0.012614233222736553897,0.0022445599946373825766,5.1118044971742734146e-05,0.99995529288421181047,0.00019020877289580316377,-0.0010049087694876273659,0.0094003304111091468692,0.00065235957247770828393,0.00025548058628844410364,0.00013477703124363207181
1620391249324007008,-0.012690157362385535295,0.0021382609124721736749,2.1313594292606219361e-05,0.999954769143083122,0.00017913031965906592823,-0.0010558762091593492088,0.0094505399720345283771,-0.00023596360913772838029,-0.00054299262514108023996,-0.00016424781584913316626
1620391249524011008,-0.011271318056614406528,0.0021325406485808847887,-2.38911821267783045e-05,0.99994891695305954116,0.00030667307724863162753,-0.00097854581621803406882,0.010055440523050660634,0.026301220528982385827,-0.00016531786426158808032,-0.0012282531388183169814
1620391249724018008,0.0036542133029259377119,0.0044799728910200785001,0.00047254069108066450861,0.99994960659017750881,2.3655743365177637225e-05,-0.00077926285770495661281,0.010008819608425726863,0.12117305396761848812,0.014579605038256570476,0.0060972720926303208833
1620391249924148008,0.03296222218064935594,0.0060926130233953639664,0.0011202288179095686547,0.99993294002809751664,0.00015472262595111669118,-0.00043967294397219023813,0.011571438777308330412,0.2000455601654191895,0.015292593232370872702,0.016071608946246273425
1620391250124163008,0.073347604374410457773,0.010197249200493509191,0.0035089157518066660044,0.99996840007192222544,-0.0012626237363187735752,0.0024841694867002283437,0.0074453704315041707024,0.1635265762596499195,0.03030495200410246448,0.028082544786764009059
1620391250324163008,0.09920045728011361863,0.010975388157190325844,0.0050910890464553795048,0.99958590188479479188,-0.0027995935520131022892,0.00073331899125255730568,-0.028629517501389440542,0.14308382636473901406,-0.027201678401498795984,0.010105846307359230007
1620391250524172008,0.12496660166988721175,0.0079965568586975750015,0.007515528865543531431,0.99689894764231645752,-0.0018490866841854565559,0.0010555191623566662941,-0.078663555394952330846,0.13752560504674921082,-0.002744836644697417477,0.026402608791651495379
1620391250724176008,0.15932002405200301753,0.0038259957785077005829,0.0096298863549494299191,0.99276674178937485138,-0.0017157024080580725138,0.0014048677075251660238,-0.12003865672724167712,0.220041514704710367,0.00015448619344892887059,0.039543862275313784727
1620391250924190008,0.1993966964599303282,-0.0015384017477014159773,0.01488852382955004397,0.99025182489345564552,-0.00040748422236429489556,0.0020377022778740707179,-0.13927313100959828884,0.17822522055392850393,-0.029720495010483696796,0.02906554740846111623
1620391251124192008,0.22237947317399101022,-0.0019547265556680158867,0.017263351097000879247,0.99053035848702908339,0.00036258268824352040804,0.0013440779467692456298,-0.13728681984744695033,0.10192390508857189502,0.0078515316749711919209,0.010309424252434820635
1620391251324202008,0.19986406258739722319,0.0068490963562911760798,-0.026320071653287920727,0.99065341741327861413,-0.00035487686189960795415,0.00061647903587081149309,-0.13640124846717449625,-0.020909974189854560467,0.044357420188154528251,-0.042983223764484573826
1620391251524209008,0.22383169350236534201,0.015086900644837381719,-0.044342778333458093831,0.99063184302697826489,0.0016471702543513586526,0.00093225863109300515646,-0.13654658291209850751,0.0014367581237337886252,0.041842851405442187118,-0.062376977979875493363
1620391251724221008,0.24451406135133260666,0.0013524486817718429921,-0.046780572418318865091,0.99065944380283521564,0.0027565969970728266929,-0.00095830801830527987274,-0.13632809403419093863,0.038116913230888241348,0.0122423614604070842,-0.056799170841618257244
1620391251924223008,0.22440427227350834283,-0.0043459095218500104832,-0.026322377220678878917,0.99062506202575628667,0.0013170253822109929866,-0.0026840289741725887121,-0.13657616160617208623,0.0024481958551489410407,-0.0087145297615916009204,0.0094846967684669210991
1620391252124232008,0.22747515185362629508,0.0045768557932076535388,-0.019628423225682336412,0.9906061484611557999,0.00055778832883861316581,-0.0041549351928673256343,-0.13668168866632485203,0.0010597332745787431917,0.0017898134361648797286,0.0016690628509474344978
1620391252324236008,0.22614060240055691708,-0.019374457548539735646,0.0078651215895073709611,0.99062053280977246938,-0.00014163910393793767385,-0.00087803134059852153744,-0.13663882674778785042,-0.00016237985536460714528,-0.00019324025041162656065,4.3115047198627245713e-05
1620391252524251008,0.23735575717776472016,-0.013311025062957811474,-0.012973871231890227174,0.99060421745653237657,-0.0013174908399287874831,-0.002033419654514363132,-0.13673848682696007617,-0.00081158510053586725881,-0.00019891359455101209923,-1.3751991858907253294e-05
1620391252724251008,0.23330421525832123475,-0.0029604210157582635903,-0.016169058755858851245,0.99060489134233575825,-0.00058726496843406817468,-0.0032898216186351102175,-0.13671423277118549544,0.00016705223589498794995,0.00057300009375147169677,-0.00059517750131062594279
1620391252924258008,0.23322304035267102384,-0.003142134657852116951,-0.016109994575589044186,0.99059458387339993646,-0.00062478326234894179022,-0.0032217877149650739517,-0.13679035101380809802,-0.00037433842118683876253,-0.00076589332799667964209,0.00037569745805904558675
1620391253124269008,0.23325100705310583549,-0.0030026556663913868579,-0.016176113234613445635,0.99061007771396725197,-0.00059953157866032261072,-0.0032395825245516577176,-0.13667779482593647722,-2.4828824151825103504e-05,0.00010941751665679557912,-7.6986079374399005518e-05
1620391253324281008,0.23326160141225835143,-0.0030551685511395129669,-0.016145325620882951256,0.9906007988169915901,-0.00065154061629834312836,-0.0032499360793009990714,-0.13674454575391442601,0.00023138421705222166091,-4.6088820309350187789e-05,0.00016502923174338288777
1620391253591032008,0.23322575015862359593,-0.0029706009180457066191,-0.016225840063310119354,0.99059612545567510278,-0.00062147028947186818554,-0.0032512866475475281185,-0.13677850394714721749,0.00016508191685008242805,0.00034470552827097974968,-0.00035083583410701519884
1620391253791038008,0.23322128683725101839,-0.0030046205430397090672,-0.016188902640802915744,0.9906049317872923643,-0.0006309953968220992403,-0.0032220990738260893091,-0.13671535773665655089,8.7564182788708232142e-05,0.0001276758813102821309,0.00011365149630121679832
1620391253991042008,0.23322715542684888113,-0.0030354314208809025054,-0.01615204213885597026,0.99061087248051726828,-0.00069684193076260611283,-0.0033212802292080893796,-0.13666961195654134253,-0.00038627710180231362384,-6.5066871910017781266e-05,0.00031679354513706304121
1620391254191058008,0.23324229616778671681,-0.0030051398443577451679,-0.016298148319146468083,0.99060927810534815663,-0.0007715179192626482,-0.0031307679116120822743,-0.1366852632290162517,0.00010042791133966789399,0.00038125638515404739175,-0.00019338944422951211762
1620391254457688008,0.23324548291560751045,-0.0029507132205388356648,-0.016284717965597727413,0.99061126872980354019,-0.00064199892215514398151,-0.0031624909819410237238,-0.13667077505342109522,0.00045997477119559781718,-0.00016879011141020063328,0.00018680171007678461896
1620391254657694008,0.23326173240767478223,-0.002977506482258295787,-0.01624104700224660372,0.99061403398707581491,-0.00069547355901472930964,-0.0032024651544280786572,-0.13664953787450889733,0.0005711024508564292116,-0.00022494391288629698241,0.00031895720468096925172
1620391254857704008,0.23314728725752204008,-0.0029001458368529942598,-0.016322024701616383996,0.99061305587269177231,-0.00064728149739350104592,-0.0032340986067691058006,-0.13665612012432146183,-0.00047251872185688568572,0.00026494284949535264109,-0.00031150004460332947559
1620391255057716008,0.23316938481450136256,-0.0029582562113945076211,-0.016343275223410936442,0.99061309973176681076,-0.00068133610734830791968,-0.0031658893849508323512,-0.13665723385658190558,-0.00015233171884863644808,-0.00032204911199580865634,-0.00021371642962489953779
1620391255257719008,0.23320528936597842429,-0.0029052569809600967306,-0.016316050599465285048,0.99061139406773712768,-0.00067056917044864899295,-0.0031562870454207893334,-0.1366698728039563715,0.00018955304800212361728,0.00035003935211363866207,3.3854660372467542989e-05
1620391255457727008,0.23318592178887931343,-0.0029368643618671690099,-0.016288255006229317157,0.99061596407082030957,-0.00065643918115921824977,-0.0032276643765641178756,-0.13663514554576899895,-7.3267869805631222441e-05,-0.00025974314546256440771,0.00024182671245332753337
1620391255657732008,0.23318355366548212948,-0.0029468234044890896824,-0.016324729266004252975,0.9906129173564117707,-0.00066101648712678677186,-0.0032051755075629254944,-0.13665773989711921255,5.7493100814551622522e-06,-0.00017885904267141066533,7.870501200193793579e-05
1620391255857744008,0.23317575334842791102,-0.0030023213592721715443,-0.016348275684727412577,0.99061367108597808695,-0.00074671002562157608,-0.0032140447584976137782,-0.13665162640082215151,-0.00013657515130497709164,-0.00027337155829296395145,-0.00036691201993530096846
1620391256057744008,0.23311269092709302475,-0.0028957794672918877113,-0.016379751582823072475,0.9906079556003518638,-0.000732706351822329802,-0.003182492000597116847,-0.13669386667791458279,-0.00049007868358114494226,0.00044771480223033992751,-0.00012563468038705806517
1620391256257751008,0.23313514156666509392,-0.0028492670595619599104,-0.016405516107933240666,0.99061747644114328537,-0.0006975670284916249235,-0.0031311620626691656979,-0.13662622220408149332,6.6021490595149489862e-05,0.00045511720568216118988,0.00013058651872143909288
1620391256457761008,0.23317506403007595694,-0.0028784255702998958436,-0.016416168714105075499,0.99061465086446132133,-0.00067276497764061533868,-0.0031575281242864749326,-0.13664622532697490165,0.00079413140607675393196,0.0001637281569105933257,5.489928746004771288e-05
1620391256657769008,0.2330655736228606778,-0.0029302821553400890814,-0.016436380373828572699,0.99060336366763024341,-0.00072954479835846044317,-0.0031765057599732575422,-0.13672729597970009752,-0.00018890445676381496885,-0.00038169147998777747197,-6.5650953734137004725e-05
1620391256857773008,0.23303150210474010695,-0.0027899266997970435279,-0.01648591461003931502,0.99061465838981055398,-0.00068404976047659168861,-0.0031589875017537048102,-0.1366460810163527273,-0.00033204862353508959871,0.00051796333579212129605,-8.0821019450558870723e-05
1620391257057781008,0.23310032963678004037,-0.0028210656024128645883,-0.016502933634218293346,0.99061312595457418073,-0.00062036382960515689278,-0.0031802700402665160483,-0.13665700025134622231,0.00044282004301657393753,0.00029777544085596296952,-3.4324279304257895753e-05
1620391257257786008,0.23301149010719376942,-0.0028643484549634116304,-0.016481212196428278449,0.99061062727301818498,-0.00068158099599096688258,-0.0032471754605853920227,-0.13667324695283700198,-0.00049993006852710444778,0.00011532728200235468408,-4.5348719071368773855e-05
1620391257457922008,0.23299989429508877192,-0.0029516321994931212815,-0.016530564004081257229,0.99059821840265926962,-0.00070567956131921264536,-0.003196167676331473223,-0.13676423591721031947,-0.00037735878088831798513,-0.00049600704833265203166,-9.7552102730001928041e-06
1620391257657931008,0.23304661231506382246,-0.0028616940812208808455,-0.016534312779977612673,0.99060953243915683686,-0.00072048613150635701895,-0.0031399559163508053948,-0.13668348772712970995,0.00011063965522451293423,0.00027280872300624307196,0.00013957746659709214924
1620391257857931008,0.23305246771636173309,-0.0028808977274370328042,-0.016551925669535640789,0.99060765212400869739,-0.00072682630647043894832,-0.0031401153413079026938,-0.13669707733716257581,0.00034666192369707451038,9.6844737905756337953e-05,-6.9095571077483806206e-05
1620391258057940008,0.23296375659141127512,-0.0029185446586349212544,-0.016565989693605953637,0.99061720597846847358,-0.00067445535868921420095,-0.0031596858947301790198,-0.13662764257070361684,-0.00044496143065911048908,-0.00031766553233554127751,-2.1244865012830998834e-05
1620391258257952008,0.2337884389525768658,-0.0030713927531762176201,-0.016582775878266207276,0.99056358374480490969,-0.0008571893282417505748,-0.0033353854742259087147,-0.13701068202458599465,0.021301039296143662455,-0.0040225346455902803722,-0.00018383025738664984208
1620391258524581008,0.25232530980791134656,-0.0081313351390106779204,-0.015758642409201804174,0.99072100497279536047,-0.00030329191282207050183,-0.0026296655133072272328,-0.1358855517669103341,0.13071283698223462588,-0.039274143576415537771,0.0047255452101161426331
1620391258724589008,0.28461601506081224411,-0.01505007600361931569,-0.014620476629337060201,0.9910077301722691745,-0.0011037044798224671886,-0.0037466111049754792159,-0.13374761112055777446,0.21407393566612381575,-0.053327507639404692075,0.013435781609379630896
1620391258924600008,0.33121585819742993539,-0.027220190462710697893,-0.012288206415026205545,0.99127682367450431489,-0.0013091916406173054275,-0.003285863055279673612,-0.13174880632102708988,0.29199862572534723837,-0.058616879049238700128,0.001902146012195458577
1620391259124604008,0.39190056894585628688,-0.042333209087716316965,-0.010187531256233801208,0.99138151005507413327,-0.00044564253447610822825,-0.0034132589628110480799,-0.13096126368856272904,0.37153672162472145546,-0.093982445244170598198,-0.012158168060770371821
1620391259324609008,0.46626207660379836994,-0.061599158852509015849,-0.0068468601491995725872,0.99170671165819501702,-0.0010287762896966229365,-0.0024946005601733422033,-0.1284932552295278696,0.43296452137095098323,-0.097939835008228379176,0.0206855468692103521
1620391259524616008,0.55456035863033159572,-0.084667486241260331292,-0.0031038221684245672662,0.99190559419691970433,-0.00017594959382382521448,-0.0018467389137607891515,-0.12696397440999007689,0.50274273330455676589,-0.12709059342079800925,0.036964072519022880825
1620391259724630008,0.65805382746576812636,-0.11087718339377722332,0.0028922958453168074594,0.99192589205211989523,-0.0015538551435090937509,0.00065417895451965423197,-0.1268076585254009625,0.59093728619996721552,-0.15145725030971379788,0.030796349225983753184
1620391259991386008,0.82060693046252008997,-0.15281184235918954251,0.0094586607981313967214,0.99190280705040123621,-0.0021323890867078012547,-0.00086830487268574211082,-0.12697842465933059652,0.70204919641236229744,-0.16557341540164433047,0.026303109006547278209
1620391260191398008,0.94515077677382164367,-0.18375921674714967846,0.013247431175328764144,0.99031474602870517288,-0.0034363925860914101319,-0.00061612727420417873637,-0.13879666923697167591,0.63320101026047825865,-0.17081069550977809324,0.016674910253105135194
1620391260391406008,1.0574629332966554163,-0.2181850596046766011,0.015802506815399030432,0.98361861216934465268,-0.0049419070702965538916,-0.00051416238040984877777,-0.18019361527425831193,0.56249693129477873477,-0.18537056581251015741,-0.0072916604233191593953
1620391260591414008,1.1527378350126009643,-0.26243461158233399866,0.016222203222175570619,0.96869055024356720551,-0.0033261154529492758906,-0.0024118849889620658754,-0.24823726077204583129,0.48412286931703518711,-0.31692086183669265775,-0.046510527731113505967
1620391260791414008,1.2294928735743848591,-0.32085198369744966085,0.017026768331416565483,0.95594521382420039046,-0.0009801971325429661118,-0.00049886415854421368651,-0.29354307778371541149,0.36869000945497498734,-0.29709085104723842452,-0.0069316853776758835526
1620391260991423008,1.2842520124903396006,-0.36841344001931675134,0.017924123526869107509,0.95773802275149721996,0.00050805417714632264675,-0.0013258198543220907177,-0.28763842556014557195,0.24895307388024351392,-0.22430834970525448391,-0.010871000668706276571
1620391261191430008,1.3514560686099017506,-0.38398672141382356182,-0.0046531277216320526824,0.96455629379097285181,0.0033374508846181062498,-0.001903656015187013854,-0.26384918727104522684,0.2933046945593466015,-0.19987099979980293973,0.001346929426332917068
1620391261391444008,1.4130386028743049387,-0.41707471748584440396,-0.010719099177388849431,0.97029774887658304383,0.0026027813577763269856,-0.004210666171988897144,-0.24186313142896903594,0.37965452195683496717,-0.21154475304559922089,-0.010880411579668168923
1620391261591465008,1.5026562506867862101,-0.43246715254569384479,-0.037844127009661880645,0.97518295399948362601,0.0013919911745884762464,-0.002932301975625245527,-0.22137676073728740356,0.47788258975295733189,-0.21220848888244681074,-0.039185616032404321785
1620391261858079008,1.8092781524647039149,-0.40980073881662348878,-0.208349856480932627,0.98137551745445228413,0.0016913375377304010107,-0.0029781320085211049169,-0.19206864358369094004,0.69878490966503536974,-0.22318660763801789759,-0.14674639547926457417
1620391262058089008,1.9149465640106551056,-0.4258521968396921098,-0.30041345606334057816,0.9850173077937466326,0.0013339363130174448392,-0.0041774770936184946538,-0.17239974665237825513,0.75653216977647641528,-0.22615774805283328508,-0.16323911702970875237
1620391262258101008,2.0544444561897421409,-0.46514794927793712276,-0.34342271670585805543,0.98823180411521005517,7.2028026423375798382e-05,-0.0034970897010486541243,-0.15292372775597357082,0.85230718794759185997,-0.19974326461326763482,-0.22936093708263172175
1620391262524864008,2.3178193386546155352,-0.5290305225274328782,-0.4265524968284519769,0.9925229114199969338,0.002385003952557156106,-0.0049555937361584635054,-0.12193450763931173997,0.95339153982025537371,-0.18059933975866984679,-0.25668120178498493589
1620391262724866008,2.4985177623704308836,-0.57699011619181561628,-0.50248524851354070542,0.99183370481066179813,0.0030886804392884262792,-0.0067726033809447838338,-0.12732043786503877136,0.87794810793878141908,-0.10633736551304133477,-0.3104724181610519218
1620391262924872008,2.6591601180098312085,-0.59112467354276188036,-0.54778730091183891471,0.98747629213376963975,0.0065989976292298311092,-0.010010738104505874368,-0.15731119104067056713,0.80890035273173699348,-0.19159179419332156291,-0.32585958115297347648
1620391263124878008,2.8411584336176245458,-0.62584434851694770163,-0.61058384801543852394,0.98107640368124326979,0.0057605271996862706524,-0.0082497513969161818254,-0.1933593754337988857,0.93974588467206487952,-0.24250584408698971917,-0.39180265461674063099
1620391263324879008,3.0167174363515307789,-0.6703046793456461927,-0.66768920187817504264,0.97357473549006956492,0.004638054457870268571,0.0035473013997220021257,-0.22829397609018634019,1.0115308728032139651,-0.32475006607310041851,-0.33956129662453632401
1620391263524885008,3.4275588777067569346,-0.72042384695148409257,-0.7331776880395037832,0.97023046857241512786,0.0044234743698782358345,0.0074175331387758766666,-0.24202944228003772653,1.0480630489243463188,-0.31102909440772641414,-0.3698692603783571009
1620391263724901008,3.240422108382254418,-0.78195048616680729037,-0.8033814311965414845,0.97411501820398649354,0.0031887757109522315777,0.006683179078761748021,-0.22593162270101468936,0.83947000153902284758,-0.27929502000062744749,-0.43132523452316573476
1620391263924931008,3.7388807258761338481,-0.91754245118363331191,-0.87179850951855575314,0.97974728409113043259,0.0030272338175631415859,0.0039665352889756942678,-0.20017582713521872573,1.1109718825725169999,-0.3088103064754481597,-0.37790322579560881033
1620391264191535008,3.7796670420824218795,-0.97288133074428118086,-0.90104260688547133107,0.98576004741841338763,0.0017966897108966429532,0.0064181731908392377489,-0.16802591428890606418,1.1372239892325197719,-0.3261016088287225223,-0.34767973074377361842
1620391264391546008,4.0100581181058281288,-1.0440567886044234136,-1.012268397486383309,0.9888642974491700377,0.0024758294081938859478,0.0027305053790577867197,-0.14877437897526638033,1.1808704454202647582,-0.34604850436145651038,-0.39191177019932749159
1620391264591556008,3.9805264425850066523,-0.95178582989610549525,-0.99334710103329670883,0.99041021275502683086,0.0061095868320784349828,0.00068322615921994028602,-0.13802107310588268563,1.1060901170970691698,-0.29761636783200140499,-0.41126564416905186938
1620391264791687008,4.5958570805883507404,-1.040362913364985209,-1.1212740807196532877,0.99075850596481596089,0.0086228640407723620986,-0.0028822863508381570997,-0.13533263279598220508,1.2977160462183190415,-0.21709120624580841019,-0.42609893835452511412
1620391264991690008,4.5841269051926420985,-1.1902686621171962855,-1.2575988509040740837,0.99077673981304836826,0.020894501957545812826,-0.0096004821416750211333,-0.13353914173762310158,1.1110669996019852945,-0.3104224433779884107,-0.42337583208168716453
1620391265191695008,4.9081312412793147715,-1.2631813310389332639,-1.3653676162810153283,0.98803740825935748582,0.019497365839879814142,-0.012436139472392870181,-0.15247057106360412115,1.2899415107019753801,-0.2874915783523594448,-0.36663484214455011045
1620391265391710008,4.7893646135593677116,-1.5481297880597562067,-1.6414653021807925626,0.98673348740661215306,0.02510596894086138467,-0.0069409938428118779161,-0.16024524254529515233,1.2003453003184085812,-0.41600307640016487287,-0.56494834556249851065
1620391265591710008,5.2419349799826235881,-1.6756544290074129044,-1.7975406288377189234,0.98351468219412530036,0.029543557683511981193,0.0014103338351960697985,-0.17839299051942469898,1.238224948189536212,-0.49187256174069032832,-0.52113412265020730985
1620391265791725008,5.3341242637073911226,-1.7219433866933002708,-1.8505396687462087879,0.98341939304779280029,0.031300350576698998672,0.0046250243545748921659,-0.17856425896860425584,1.2054156664232487106,-0.45856820905638778774,-0.54435499235970041809
1620391265991728008,5.6310240986929596119,-1.8278981937032192651,-1.9855416047098590759,0.98517994555419385883,0.032258737048646797529,0.000947176549642881325,-0.16846053430535626316,1.1929119673458314921,-0.44953423038887918572,-0.59872243789778911705
1620391266191739008,5.9250670958363151897,-1.9509510393523943339,-2.1514781698044327385,0.98718890004519144199,0.031815312624356079096,0.0018433048681347867503,-0.15634085754320020678,1.1838617372208120049,-0.43065167258086262114,-0.57246970803637897696
1620391266391740008,5.9929568296904385249,-1.9509732602144074232,-2.1844383200102153175,0.98596950617122791627,0.032826742654171015001,0.00078505728816321283022,-0.16366405088545457613,1.0630610409598311161,-0.3545011824146809265,-0.68019590531102269715
1620391266591752008,6.2927815981644243948,-2.0522783909264696867,-2.3393820828106002274,0.98145992284328709143,0.030908471432682174673,-0.00044704490971942323005,-0.18915836327530757832,1.1698494862436892294,-0.40276793588078130259,-0.61893710529217293992
1620391266791753008,6.1888619378049609665,-2.0559142210341971868,-2.3556299878867874575,0.97464602229071206629,0.029559390856479027948,0.0042844423786799964993,-0.22174989785474732984,1.1006213287473727291,-0.50723882480258997152,-0.6221490046878308533
1620391266991775008,6.2305446662471162256,-2.0767181284854507872,-2.3858971442745615654,0.97165453095477360979,0.035251572227001697069,0.0044446186421481315501,-0.23372001304062497984,0.97653346438776722493,-0.49431201780267008949,-0.60743651395363285062
1620391267258399008,6.8128768882192671796,-2.4049114195609417877,-2.7788359056209550602,0.97737579060807300291,0.034758644844827657483,-0.0036260830914642133704,-0.20860309696456985629,0.9134586384599965303,-0.499110481245467974,-0.73532560305280747492
1620391267458402008,6.6696395486228796656,-2.2587997295216224458,-2.672721281154683215,0.98431020397582780213,0.029430087754381779874,-0.0013134919792632477123,-0.17397001759686792077,0.80778934767059507038,-0.26513242587247048965,-0.62272587453579508754
1620391267658409008,5.8164256037698125468,-2.2999165680320743377,-2.4348587970424340199,0.98695687405070442466,0.035510944912764220993,-0.00086317497178530855437,-0.15701705794095471846,0.5286576261320202752,-0.23424205187855312582,-0.5210450121759983011
1620391267858421008,6.2007515563102790779,-2.3342715583099642451,-2.5950002546958188532,0.98679024552086269662,0.03367872035545082382,-0.0027180824774348717222,-0.15844042150834231064,0.56334488791697479027,-0.24374308365400806919,-0.58596218550034429029
1620391268058424008,6.4599987158799425657,-2.4233049062077403057,-2.7394134633277023028,0.98545723806948204437,0.028196284656774553423,0.00063026047383839018268,-0.16756671578734766426,0.64671410915544746967,-0.2624846509617171364,-0.53953669782129609622
1620391268258432008,6.6442731690701810621,-2.4825359513457878613,-2.8607056161236723568,0.98409168540405200787,0.031550694453661654038,-3.1750781451626213046e-05,-0.17483737412233138486,0.70168304369192824321,-0.273534631930515304,-0.55836870092752122208
1620391268458442008,6.8115912845650550267,-2.5437885565159450429,-2.9783812726596750053,0.98323012015676525266,0.027270766111444584567,0.0073333022774949557093,-0.18016952797272564601,0.76809731353153476441,-0.29705271150650863765,-0.55617645603819554356
1620391268658578008,6.9543836999684236488,-2.609490911455302431,-3.0972516929072799741,0.97807344521561045969,0.023519934175688868988,-0.0027069359597838090099,-0.20691017606233744197,0.72182107117195648538,-0.36708133209936294472,-0.67832209669094645221
1620391268858579008,7.1045933755031747125,-2.6667219479852466435,-3.2025812745089514699,0.97000577310764435346,0.015822128584816321645,0.018914224223027430172,-0.24182785717722432572,0.79643445931896128531,-0.43497082857151270208,-0.57250008008216701771
1620391269058587008,7.2374716363288449372,-2.748724395098395501,-3.3207338262203474066,0.96391418958076346968,0.0084328982289667217542,0.01687216020265386307,-0.26554406708193672992,0.78973898833095812488,-0.41979594939838404954,-0.67258149114637266752
1620391269258591008,7.3769612427855761894,-2.8399455983534132031,-3.4413560930376125846,0.96134921047250976311,0.0077844611526845727822,0.017076542924779405941,-0.27469162595569418528,0.79468517980725594807,-0.49932281685626328516,-0.77999149719807936432
1620391269458604008,7.4856995891652466923,-2.9152434798808393168,-3.5662913539437193222,0.96588411539238694381,0.0053465310595464830487,0.0095299094578554875007,-0.25874402614170766146,0.48452365226119886721,-0.34928429321882337177,-0.64204339929758802441
1620391269658608008,7.5610127311294199615,-2.9633213512926834809,-3.6897355890014926771,0.97783676915400186136,0.0052038472873186030973,0.0040075869031242893764,-0.20926564962049459817,0.42517839627059816898,-0.21749748377665870103,-0.65959022736625794181
1620391269858615008,7.6433085225282404451,-3.0014705354620461186,-3.8026955757024443194,0.98683092185370058225,0.0065977443782056230739,0.0032156926626909563931,-0.16158855393620777385,0.50294369304046115943,-0.24901929153486893065,-0.61629580424280117068
1620391270058622008,7.7445214909259947333,-3.0394326237503883625,-3.9238779501876024369,0.99277904175795972375,0.0050039694769098063895,0.0026834052847440792618,-0.11982292715377765302,0.57399497397643639562,-0.19436229405910307455,-0.664578701595932686
1620391270258635008,7.8503719709977275443,-3.0850697108570859228,-4.0444535975161102215,0.99647721663837296457,0.010190575902177012244,-0.0070670718939662520094,-0.082941939802904943169,0.6104135108445952751,-0.21885974939819732854,-0.63320130979291855411
1620391270458637008,7.9627147166176133197,-3.2818529089601469195,-4.3142007581038548381,0.99836780888450704641,0.010650957354529687685,-0.0068550331210560947956,-0.05568917140243435232,0.65150474963798388206,-0.21942367822182190507,-0.70897353440925980905
1620391270658644008,8.0694889543508168117,-3.1381490586608764559,-4.2803241960301292579,0.99888614502751749136,0.024381169635729685319,-0.0038498877192531290314,-0.040214502406575362847,0.60757821392267241656,-0.092878603235453216502,-0.65487921170176599528
1620391270858650008,8.210468892735399038,-3.1662268508045028348,-4.4203904402563471976,0.99810624846258066967,0.022911355031622688411,-0.0053394392799430241345,-0.056837285110602944749,0.47288101619083250382,-0.049299154834768856015,-0.66789269967219400126
1620391271058665008,8.2881539197725544454,-3.1867362090936768304,-4.5515242248810610093,0.9937140789112482997,0.024484989338033068956,-0.0061191256895802631152,-0.1090659019651934597,0.40537868829317119657,-0.22642994941238114848,-0.70108246282716091269
1620391271258665008,8.3727370225263726411,-3.2275056451983235029,-4.6882164374395820516,0.98374822950951457123,0.02265624123146454949,-0.0045539074964823763117,-0.17806003930323852091,0.45234915577326351155,-0.25479674840547639203,-0.71531740275322042155
1620391271458673008,8.462797136782823415,-3.2861008232625272818,-4.8241143613639483334,0.9696080010983876285,0.0270384332151034322,-2.4544618417497424985e-05,-0.24316506067447984929,0.47464850297764293874,-0.3896608453777595793,-0.80131710067400241382
1620391271658681008,8.5535264040068597069,-3.3515672289479128132,-4.9591391707952290346,0.95395348352668896119,0.02000956414632427266,0.026492636512070354832,-0.29811157109479818894,0.46322786948961469644,-0.37473881718647106265,-0.70763769606770043907
1620391271858694008,8.6354873532141631642,-3.4250180174029765112,-5.1062545231403779766,0.95132923291543880495,0.014349369865544728611,0.020171103772082230737,-0.30718058655715979599,0.37846997691140782383,-0.41143734980118079614,-0.80675077184523857898
1620391272058694008,9.2075706423693048919,-3.9103310981464045604,-5.4698264404221159651,0.95305045948080202578,0.011755278928237839972,0.01103981776257207878,-0.30238180752902610315,0.45595822177838846168,-0.47902558273009610001,-0.8773494796364635917
1620391272258700008,9.9954415346983509494,-4.1385982149616893366,-5.5406816952530189013,0.96420076031761758895,0.0085814581911083289562,0.0034682497855462795719,-0.26501174242223268784,0.63452260627936052373,-0.48159259151973965452,-0.75820370118865587639
1620391272458708008,9.4275167304646920741,-4.6656413286392091067,-5.7468355047507273525,0.97389287066446095231,0.0064131922045357475648,0.0019668312887890339671,-0.22690896634854482161,0.49755870817089736802,-0.60824709466092308219,-0.72983137141840237483
1620391272658724008,9.172059674266678897,-5.5382279441602335623,-6.5309264514731575346,0.98174301652036211063,0.0053016784379406574693,0.0031827056185871191105,-0.19011157803823122703,0.51207041123303775887,-0.79678701306943533478,-0.88833031397131156925
1620391272858724008,8.3241169531137035875,-5.0544112165479306853,-5.7913719059932455835,0.98784149191585601812,0.0044078210913546904404,0.0045734202142988008427,-0.15533461233809547908,0.53624377730381200813,-0.6327711953901733466,-0.7289293982915469039
1620391273058729008,7.5801250883564827987,-4.7013939013412420209,-5.066404504739952408,0.99290857905370777381,0.0045575942652711486786,0.0056426711194092387183,-0.11865893240164723799,0.42650505049611436847,-0.46483356024410482643,-0.58926010490495395189
1620391273258739008,7.7502908765237945588,-5.4278049943838366787,-5.8771378511962035773,0.99485429946197445616,0.0029245993292602214669,0.0036052552835416787694,-0.10120954349826992436,0.41559205677567895298,-0.55068055224007306236,-0.7730381654878147879
1620391273458752008,6.9614508195566617843,-5.4472333374222650093,-6.0610158464878676199,0.9927858355310292815,0.0010128610807178040683,0.0046700865741905635276,-0.119805881211138332,0.33153906970731877868,-0.55314911276562195308,-0.78928993244470868618
1620391273658753008,6.9283548994412784694,-5.6573322405374080191,-6.2751498308819426697,0.98742129906262787742,-0.00091431481150806804756,0.0064534332888055842212,-0.15797688243754243187,0.38395138808843359834,-0.67069965304355816382,-0.82094595544340498439
1620391273858760008,7.0009882747952669746,-5.8390985495675646888,-6.4880539025736707615,0.98135427546432740797,-0.0015185995628302370944,0.0051472061874132902723,-0.19213273055811611045,0.39525803057356218018,-0.75545441199104779173,-0.81398395342297713562
1620391274058894008,7.0914389501725825227,-6.0031330113090151102,-6.6654514233293680192,0.97398314890052406501,-0.00023185894515341865288,0.0058124264441229960693,-0.22654577373696727083,0.48576593822771219067,-0.83157528402347302698,-0.85771081050520858735
1620391274258904008,7.1788797659834573395,-6.1695682357959835684,-6.8268853928961839017,0.96726974557551381739,-0.0010397365778579653432,0.0055005572253691249404,-0.25368859279112276894,0.47318644605604037734,-0.92066478566368092906,-0.88221461619366503548
1620391274458908008,7.2577695135436641749,-6.3475699932203388798,-6.9907146069281314027,0.96610083484643360929,0.0023097201887334233364,0.0081166679920839125695,-0.25802705633785810724,0.36762791438478514827,-0.9193387366570763275,-0.85657805122159202948
1620391274658915008,7.31974341995852118,-6.5116610634695728521,-7.1590843008299165362,0.97341887080278333144,0.0035306988011102281508,0.0079863024884102296053,-0.22886558304728540914,0.34961190093370519971,-0.84532042202295087918,-0.88370886312847241051
1620391274858923008,7.4295939734808493782,-6.7062428368920112831,-7.4135402493441242555,0.98144443896163813257,0.0038950113554016962264,0.0056533460365015024071,-0.1916238027918466813,0.43768372934269850205,-0.79415391374641819411,-0.91552252137208789406
1620391275058935008,7.5477157578579934238,-6.832139616281378558,-7.5529688201169618011,0.98835380685531037948,0.0014888620818010402016,0.0050575012044396265229,-0.15208207470272261386,0.6173382495348679333,-0.81085491885055061001,-0.96208251652293763634
1620391275258935008,7.7577458354830657328,-6.9460937790978460882,-7.7254647005874819143,0.99317162419019111574,0.0024066312024362533119,0.0063341514684336014743,-0.11646549512558779238,0.68073212539212479832,-0.78982142900564489274,-1.0026374197020730961
1620391275458945008,7.8686777716472535715,-7.1809825785399654663,-8.0144693890736320441,0.99579565349132215246,-8.519857326515872483e-05,0.0075288171540267758569,-0.091292530588515719003,0.63079520605492866991,-0.75839854356838076743,-1.0175308507456322094
1620391275658950008,7.9997993206725581672,-7.3550646357416695764,-8.2424097054862652811,0.99588646110505851805,-0.00041712319321445293866,0.0060232705440030889429,-0.090408532826488488543,0.589352188098460128,-0.77691899238765804725,-1.0495738923954085475
1620391275858966008,8.0840064040800729828,-7.4510572281730480526,-8.3824794059253857625,0.99495096558999884806,8.5086538537309315718e-06,0.0024421853405819514589,-0.10033250584877374811,0.60445720907228461805,-0.79960338249963736068,-1.0274455345886719382
1620391276058967008,8.1630850984220160171,-7.5617740408906666261,-8.5512088290193215556,0.99371406021585051427,0.00090486343828283504614,0.0041965632011286366915,-0.1118657079215364808,0.69996104922297852635,-0.8609712467293336724,-1.0886558465768156889
1620391276258974008,8.2477850085666730706,-8.2460450434053029767,-9.1191686767483997045,0.99284072513180177122,0.001731184759867368441,0.0025414475451546541217,-0.11940619147875360107,0.75808103377172486592,-0.92616007212375883739,-1.1517933480982709415
1620391276458982008,8.3961671575413792112,-8.4415262900017253855,-9.3586119041375965821,0.99277042486656774667,0.0024544526124982350528,0.00011204861763633035374,-0.12000352752204930529,0.78784052533961090869,-0.94890230817255838414,-1.1418175177977920587
1620391276658993008,8.5507130547568266365,-8.6290620559124722178,-9.5864365166142793129,0.99255088234205346431,0.0016664428154379595272,0.0034616640282684931623,-0.12177021726395126366,0.81251438787349394843,-0.96154244428018631474,-1.213624508008339653
1620391276858995008,8.6994802194468512369,-8.8125851285279370728,-9.8144602189390965918,0.99279159915834114258,0.0020028361442494422781,0.0047548269114704340421,-0.11974231043806231323,0.76058182084486947172,-0.9777813462661888444,-1.184105656898893022
1620391277059001008,8.4505558914129963455,-7.3068871971491740069,-8.2847878220859829668,0.99146833131525236027,-0.00028638255114149833514,0.0010518944876947778407,-0.13034323726979668567,0.53194201101345983673,-0.51966351354818329789,-0.70763689515093708415
1620391277259009008,8.3703433785941498968,-7.133070767206788787,-8.1189394840754669502,0.98805693004894712406,-0.00039648317251142337807,0.0052317417327602576751,-0.15399991773304977372,0.60744729767408744969,-0.53683135349857946661,-0.65103832426933072597
1620391277459023008,8.3706386299955060082,-7.2156713352563981445,-8.2051680778050819498,0.98610287311704425406,0.0038477158725863575862,0.0043662995079311950689,-0.16603389455614778192,0.60843339267990448338,-0.55164959711612926441,-0.67466541689316361641
1620391277659028008,9.2474123188300829668,-7.6307931273223994495,-8.6222704877146618685,0.98660159297332161721,0.0027445514654124373438,0.0043864337384746081988,-0.16306600926869038726,0.77750141845465747803,-0.52726075802657978997,-0.6337534121121736197
1620391277859042008,8.9912679769760828208,-6.5495625955972602839,-7.2839490912517241838,0.98981678460499489258,0.0048012213282220836744,0.0044778474898167662174,-0.14219574561091918863,0.83322373768023294538,-0.36471450593894522152,-0.45032799372858201004
1620391278125797008,9.5471048426718603253,-6.800908408748239431,-7.8475279476477419749,0.9930832604783865758,0.0026566616993773137061,0.0040601780073338342852,-0.1173119553190627995,0.95993204344590821187,-0.24486727022947879506,-0.58451247099248004879
1620391278325797008,9.4016409495842498956,-6.7477294438567296808,-7.809940907820619671,0.99363840697748873065,0.0038057803716565132175,0.0014828003496817723002,-0.11254347390286571773,0.88120597247008558561,-0.24376428125173205119,-0.59798670353031591063
1620391278525806008,10.234222625948238061,-6.2378932029990048491,-7.5105371510456935269,0.99395639719401829293,0.0029621608490047867529,0.0056220822778596810446,-0.10959150638189726901,1.0337352114560007799,-0.22256696354458438414,-0.5561954137959760347
1620391278725811008,12.03328680482483648,-4.2222008650799045526,-5.957847766383286725,0.99403186994804859644,0.0027787095192844386664,0.0011839101781276571961,-0.10904824004854206387,1.2781051698115666326,0.1768927683440306986,-0.27550587674323584464
1620391278925827008,11.437760503372816245,-2.6735281594968216545,-4.2797741659312018569,0.99392704328089875876,0.0026615440792119573685,0.0040948745259339848143,-0.10993261945675060487,1.2877044021926646877,0.2842425149730011813,-0.15608890483655735171
1620391279192454008,10.301111578499424937,-2.8106121004461823709,-4.164588927593269041,0.99418492392132051805,0.0036400458662281839732,0.0042269665604820630747,-0.10754171222064191904,1.1111514368476922421,0.24158339281490748274,-0.16977104986046800961
1620391279392463008,11.219565522060813478,-2.5498709321436767716,-4.1514909834207536221,0.99453101192568349465,0.0042915112651861885701,0.0065649391561842986714,-0.10414677538461301898,1.2949797768733435355,0.31496492378411755642,-0.16309316111314972608
1620391279592468008,10.895029457937768669,-2.6182788441968929405,-4.1701039669662218756,0.99479728431345326722,0.0044156801079666876259,0.0074244388785832697228,-0.10150735243863677482,1.2103724771070794031,0.26646236036405290815,-0.15781771720167314665
1620391279792482008,11.534517145672854355,-2.4778477707568757893,-4.2167568868652276493,0.99506773245722668353,0.005576905157851006628,0.0080268032603447395795,-0.098715127415782005782,1.2279237958785935714,0.33985541202380004089,-0.18348024399887138958
1620391279992483008,11.44236408242568892,-2.4962024431985647688,-4.239166042511014254,0.99530732461539606071,0.0056428898519179883017,0.0094338243109890577986,-0.096137871413569164769,1.2395258783548024351,0.28961648090160413416,-0.18282942344187183559
1620391280192489008,11.915008233466293674,-2.3886167637623660909,-4.2853665200849402339,0.99569600909742794759,0.0071491696638991885857,0.0040783412816755709729,-0.092313130013895766668,1.2570219686648691493,0.29395471736351636016,-0.16768340040510751332
1620391280392497008,11.970347603399872582,-2.3730377893357248453,-4.3083994169001025298,0.99509916970202361153,0.0044941748447606287217,0.0039993061159546783659,-0.098698786220498213595,1.2604064302283060073,0.3009960286329366741,-0.16373574036450389002
1620391280592512008,12.356432195840277188,-2.289299024478258282,-4.3484921097660267364,0.9934708891314819601,0.0035524412093260173892,0.001400658838931204608,-0.11402197491963854403,1.2689703885303322828,0.26139352345143884726,-0.14477832649561511724
1620391280792512008,13.38623983588166233,-2.1064384920931793488,-4.4582202256843226351,0.99134124668349554721,0.0040855775098755887573,0.0060053155122256054663,-0.13110978935999825779,1.4612863484805440617,0.24347942618659706993,-0.18827178909990233135
1620391280992520008,10.376858358845087338,-2.4488600249433596368,-4.1420715088246726765,0.99003853425699817059,0.0011640105813052437859,0.0058770347651724971424,-0.14066913743956449556,0.89455425824729695172,0.087421539286654553758,-0.095437540845197066375
1620391281192527008,11.617265165718203335,-2.3493716644569091478,-3.9414145127712449934,0.99022313628952041142,0.0017033321482031466964,0.0057244998967415569591,-0.13936451886140763246,1.1939231299734620606,0.044142496589108209948,-0.014532154268656879981
1620391281392539008,9.8038650530949187356,-2.7936200696354029915,-3.8671264511921989993,0.99089359883358074654,0.0014262092612354142739,0.0067686189145628357366,-0.134469429669973356,0.81081720229779774556,0.013062742980473333182,0.04437376975191820172
1620391281592665008,10.150619016339287981,-2.9261602085542706142,-3.7171544231978779216,0.99151773618264438248,-0.00090820983872350177432,0.005980201111794905891,-0.12983062498808214946,0.89255015513171442887,-0.070219224727883763904,0.13538155960679518208
1620391281792672008,9.4028433776327240423,-3.0592212849821489584,-3.6025642675737206133,0.9915049716982924366,-0.0023258953728339673908,0.0081822076143561062872,-0.1297903416546816735,0.66780332519521967694,-0.11798077576733560778,0.14530608304262970787
1620391281992681008,7.9056155593969448248,-3.3603718924721417416,-3.6017354211369996264,0.99169886271096641117,-0.003605941090818936233,0.0069617757516292986392,-0.12834288669423793428,0.44524659178818742911,-0.12908003944445828326,0.1543097162885132545
1620391282192692008,8.7722490398512782406,-3.3584203769237044312,-3.6865716768406868731,0.99210300555134156575,-0.0026404461120393563772,0.011290751891078304806,-0.12488864376739319817,0.46617690355721941309,-0.11859722526144660104,0.1736139169211560751
1620391282392710008,8.882882421583532917,-3.3172300691797094174,-3.6402631673179826066,0.99302076980272480089,-0.00096107804399183066179,0.0086228728852285191353,-0.11762003712209456729,0.44730512387276044617,-0.10617988712540527008,0.19628653860264852482
1620391282659332008,9.0263526331582468742,-3.3233265807988363605,-3.5927598784661367581,0.9962965782099167944,-0.0010508813569846684258,0.0047124208460568922305,-0.085847638204873885637,0.52770685248433979453,-0.023118311042292463697,0.18600037733869578815
1620391282859337008,9.1211195050861508804,-3.3192091496412476914,-3.5527562917018413735,0.99749874817198780352,-0.001129257035186129448,0.0067930985541149535925,-0.070347892547683976705,0.52535738545166710267,0.030472539888406532244,0.25715150579096757166
1620391283059351008,9.336121943864172934,-3.2072651849681630409,-3.6045620066209402843,0.99750875096704127998,-0.0016949498598554772495,0.0075596079858590570222,-0.070116126648916005104,0.59017527311779516275,0.10140990169689255429,0.22197593867165366088
1620391283325978008,9.1765789075818418041,-3.201211066779775738,-3.6112486052080998711,0.99784597195201385489,-0.0022818458426563078059,0.013783453639315525197,-0.064095443242597666123,0.4802780623248846803,0.10953474019800149564,0.19863771368673074913
1620391283526112008,9.1596871567684381432,-3.261147295273719493,-3.4883375725966532244,0.99818211155331215689,-0.0018443268465322003227,0.010639011395907416527,-0.059294873892881974631,0.40616235467640399159,0.082372910830745979527,0.23174137863470606336
1620391283726123008,8.9939414635520567032,-3.176138596076865106,-3.5352104058147721943,0.99819489005068195997,-0.005510178743247901717,0.01091650296786182868,-0.058799909607737982364,0.36120413662038036717,0.15614010430194480428,0.20470510247739409637
1620391283926124008,8.7381150467464010489,-3.1705789802292043689,-3.5557358553094173814,0.99803477720943067908,-0.0050567600326036866651,0.0073650618117020744818,-0.062022322779831148831,0.27724037086496983173,0.14921030760271167259,0.1817721211587793595
1620391284126132008,8.4868141634104894422,-3.0525561833913394949,-3.3918332052687132361,0.99797707113679801072,-0.0044741921589110450128,0.0059293561059073820324,-0.063139447462849301873,0.25722382456879661072,0.1209290344121868449,0.1901911434029502912
1620391284326138008,8.6757641535767930918,-3.0354574486420147217,-3.3101185053186021889,0.99784399246643840087,-0.0040198830273586857662,0.0063721432020215169542,-0.065196648917706656601,0.30327662574790537064,0.12315320249063660407,0.20637714073269300408
1620391284526153008,8.1412411259108008466,-2.9785509550351170205,-3.4479014015989712938,0.99719694869597141906,-0.0035502775499389495339,0.0071179773315218136318,-0.074397415542956701895,0.061809544280684997064,0.098007270343587346573,0.14177449850579204593
1620391284726154008,8.1573081298016916207,-2.9779396374197713016,-3.4023953484963262994,0.99551527029146114067,-0.0046452067538126735544,0.0055128114084644066692,-0.094325911504257481388,0.0090634029203450969248,0.044622440685314776476,0.17571068757495078572
1620391284926162008,8.0891792646176536863,-2.9561947467875091533,-3.3843094342238599914,0.99435092376566402983,-0.0025313906439513324774,0.0041986761160195005746,-0.10602925816326358444,-0.081337902099225908858,0.08472033191732825097,0.21323979892886460452
1620391285126165008,8.2194427277981247926,-2.8780305980879861139,-3.3054252902205547571,0.99418773198421206416,-0.00028047802323312068891,0.0077370308920156807136,-0.10738162439237093626,-0.08162778589899741255,0.17095474127560944533,0.2851106704092423727
1620391285326182008,6.2059434145797309768,-2.9260486662825426762,-3.3250286604151346737,0.99493277353520603867,0.0021898264367483126144,0.0059945025865800055653,-0.10033965688829070417,-0.066451648747413633034,0.10640373568336174148,0.21417880385930704312
1620391285526183008,6.3277918662251080306,-2.8419133819613477954,-3.2205912332692125943,0.99574905211905395674,0.0026951381095719766263,0.0086907440288445467896,-0.091657145945104920304,-0.082453805975856650501,0.15810349369843251788,0.26196204606298090223
1620391285726194008,6.2223651787599054686,-2.782185274587554602,-3.1485032087421851443,0.99634787585451334291,0.0038162294604123319329,0.0075521674141225160481,-0.084966531294710601063,-0.12712861049727636198,0.18102277969137220426,0.32525414637013133623
1620391285926202008,6.1363459299230953548,-2.7289119282030322999,-3.076527144949932957,0.99696045013703193938,0.0057792631408634916393,0.0098922379082368363384,-0.077062342355286153617,-0.21215095832601593706,0.21783532874853209216,0.37697163688973706064
1620391286126209008,6.0746218713060065042,-2.6734979324871002149,-3.0229317893447005261,0.99855083341994743673,0.0039793686874044038523,0.0083151666689103512914,-0.053021275960201369459,-0.22734178144752853479,0.3183060435577867997,0.38404142612427827341
1620391286326212008,6.0306989763853291464,-2.6275594480731867542,-2.9774140084250970695,0.99937235178640315691,0.0042826408429187182159,0.007873158148218813851,-0.034272071036032344948,-0.2310754804342891322,0.32688970511345116776,0.30823430087112180242
1620391286526218008,6.0233225009516813131,-2.6801358401785737584,-3.032810024587107911,0.99952773828077701168,0.0022260064843838997355,0.010684118743953328889,-0.02872620596446275737,-0.2298261038074574103,0.2840216481831405182,0.28862181317512425327
