#timestamp,x,y,z,qw,qx,qy,qz,vx,vy,vz,bgx,bgy,bgz,bax,bay,baz
1620391242790392008,0,0,0,1,0,0,0,0,0,0,0.0023504149266170915392,-0.0038211727078793131761,-0.0044021681052901859982,-0.0066275161589444738647,-0.20191878620470532502,0.0011016351739563390311
1620391242990407008,5.8970827472782283343e-06,-1.1862533570144409741e-05,-8.9198881967005893049e-06,0.99999999335736389217,-0.00010737109755922870683,-4.1913051412822333226e-05,1.2516592881326192974e-07,-5.3340140124551096296e-07,1.0996892141261569581e-06,2.364198936363292973e-07,0.0035067751495796092853,-0.0033762373880376526057,-0.003944108285856873751,-0.0066251996551674368144,-0.20192620968963190253,1.109903386239691897e-05
1620391243257034008,2.2978022739714749759e-05,4.9138167977612210108e-06,-8.4351989454298556938e-06,0.99999999421947582956,-8.9699746670621541278e-05,-5.9267750615034660148e-05,1.5288883686364586873e-06,1.3011862311105009283e-05,8.2274978877641398271e-06,1.2188969436545547858e-07,0.0036752117985424824151,-0.0031584766715356247559,-0.0040358099644235076453,-0.0060049675355788416364,-0.20152486894890730973,2.4032975185853770457e-05
1620391243457043008,1.3575533131047695461e-05,5.6315713219769941087e-06,-1.8089468927567866794e-05,0.99999999314511622828,-9.8602638843176915271e-05,-6.3052944406435628409e-05,-3.4078374632349926248e-06,-2.5253095868673389006e-05,-4.1708305686138946212e-08,1.0255124647048951322e-05,0.0035396145916349493199,-0.0032274260618890531632,-0.0042389707015209237076,-0.0072591098634612379742,-0.20163741428756304375,0.00049317904884042297348
1620391243657047008,1.0378523333572144149e-05,-1.3033366039825290206e-05,8.1416757601760342673e-06,0.99999999256777516443,-0.00010590743303597730299,-5.9921574888217309942e-05,-7.5809107421201744117e-06,5.3559773703937431756e-06,3.1757467971330998868e-05,-2.0475625152017171756e-05,0.003468313932420790096,-0.0031663290283133254874,-0.0044119390681889867137,-0.0071786067349266964588,-0.20040203802647205134,-0.00029704970427272766893
1620391243857063008,1.5678761999293397422e-05,-5.2781866278920260772e-06,-1.2518522996194632569e-06,0.99999999216104173971,-0.00011155713157529711487,-5.6167492404940009708e-05,-8.839444375978876327e-06,-1.9723686266923687403e-05,-1.395882870367690608e-06,-2.011554147061203363e-06,0.0033928153847269273795,-0.0031187005774800801057,-0.004461835923676123368,-0.0081543548728306158857,-0.20066283615786650874,-0.0004242914590969109126
1620391244123690008,5.1505585977322116203e-06,-1.1056002004200425539e-05,-8.4182275022202414372e-06,0.99999999213412615884,-0.00011195408619640334657,-5.621873090702719962e-05,-6.1224669088079136415e-06,2.7687995542982626819e-06,-6.2075577843932890857e-06,2.0923265261714018431e-05,0.003429042786379783974,-0.0030770741934376217783,-0.0045104064743582659991,-0.0082534637440966514277,-0.20088942789169864089,0.00068275892719009433941
1620391244323820008,7.5829562003688570214e-06,-1.0806498571403364505e-05,-2.4498110414619929859e-05,0.99999999187417409896,-0.00011140796937584516437,-6.1509639568917273277e-05,-7.5153341346628551732e-06,2.0458357848535688259e-05,-5.0436472400614858333e-06,3.4904576789698783454e-05,0.0034421252875673344004,-0.0031347166147142079863,-0.004541114699952514093,-0.0068844518959133294,-0.20105263198176342998,0.0023431224955841132435
1620391244523836008,5.0223423791188851633e-06,-1.592467783693506491e-05,-3.640328982729632148e-05,0.99999999185172827598,-0.00010785267662669214498,-6.8055352263212128363e-05,-5.7282122514759911496e-06,3.3022405920096753462e-05,3.6260324552548934152e-05,-4.3798981047180399195e-05,0.0034803690534694884696,-0.0032146483617662129778,-0.0045027053940311619409,-0.0048514657321806226725,-0.19919453535695078039,0.00035033377399856444057
1620391244790458008,-2.4202483999899833617e-06,-2.1339291261685898839e-05,-4.1547034785747789418e-05,0.99999999211034229507,-0.0001078149664448004708,-6.4406713914143587959e-05,-2.6501242955121974141e-06,-3.261856437633157621e-05,-1.8674455790743517501e-05,-1.6346926554108363156e-06,0.0034380167110599443338,-0.0032382372724702509353,-0.0045344946366993356401,-0.0065334167384930447176,-0.20061478324470780055,0.00021812519711054005112
1620391244990467008,-1.454637133349032647e-05,-1.2885042695702722949e-05,-3.1774438020163886141e-05,0.99999999188078703138,-0.00010909972123240643262,-6.5838382895157842906e-05,-9.917127806548902502e-07,2.6737540822829375994e-05,-1.6963136592702636723e-05,-3.9318365503296931886e-06,0.0034299698633513710233,-0.0032466204268995126764,-0.0045123883144222529801,-0.0051630598798414993611,-0.20150536441648708719,6.7310249178681897135e-05
1620391245190479008,-4.2621279754316782409e-06,-3.1168137182131489362e-05,-2.961955336741437959e-05,0.99999999136743478179,-0.00011018898579855183461,-7.1510318027841012064e-05,-3.1291266005959166531e-06,-6.3293102383720823735e-05,7.8970335783638129223e-06,-2.2154449862954239204e-05,0.0034191250493113309154,-0.0033033953877141765051,-0.0045404992245480380736,-0.0072821116030533155836,-0.20135815662905176548,-0.00089856801229272714564
1620391245390485008,-1.6467706141948472811e-05,-4.4603806544170338097e-05,-1.655758234159481775e-05,0.99999999135036177211,-0.00011139250367636882155,-6.9844350783588649619e-05,-3.5710504474928324867e-06,2.2757657027082275588e-05,1.8985419225711066497e-05,3.2538254503110405295e-05,0.0034019844477820482438,-0.0033015503439323135026,-0.0045462127235997851216,-0.0063412099308684374485,-0.20081311317082395362,0.00056303480374833981929
1620391245590489008,-1.9452261097532994526e-05,-5.4760559424861460296e-05,-7.201939240074464854e-06,0.99999999170671449722,-0.00010995608870034585803,-6.6959732577588117197e-05,-3.5528741153613985927e-06,2.266914443687251951e-05,1.4324908895620899323e-06,4.3331858512331126749e-06,0.0034128152196010955871,-0.0032802826735832788137,-0.0045457218096118367362,-0.0056383073833976057182,-0.200657769174689804,0.00079056467519855624752
1620391245790500008,-3.6429777258138581412e-06,-4.2092967403246800439e-05,-1.2442470304175078899e-05,0.99999999123079275076,-0.00011379942870124063012,-6.750292258513326761e-05,-5.60885835564411309e-06,1.3696499109264198167e-05,2.5144229896641439193e-05,-3.680150841177780161e-07,0.0033797793527968597246,-0.0032839619391287922651,-0.0045737847643631352954,-0.0049253541899263401233,-0.19998562152368634659,0.00075206930290808030395
1620391245990507008,-8.3488503475615695037e-06,-2.8841922975540055455e-05,-2.3956125830590886748e-05,0.99999999146598828048,-0.00011204515380607306375,-6.6872427755855102919e-05,-6.4795410331796476938e-06,-2.1298504696909208948e-05,-3.3049900011900782554e-05,-2.123466512631008783e-06,0.0033978141165163558944,-0.0032836492640881172894,-0.0045852469740747352211,-0.005857551766646649713,-0.20106751547417570092,0.00061127614591240065842
1620391246190519008,1.4540555993892103666e-05,-2.5314942488801679037e-05,-6.3902796419094463442e-06,0.99999999148657769954,-0.00011291663182342967671,-6.5119048843063177335e-05,-6.0156109456585730386e-06,-2.8555741102306191666e-05,-3.3962929544113947249e-05,-1.7257646739662489861e-05,0.0033914915190703842814,-0.0032680578413044180514,-0.0045786768253049444505,-0.0072534886185380877122,-0.20262485512488542794,-5.6150863883328732719e-05
1620391246457270008,1.1249024925258228045e-05,-4.18882467137127217e-05,-5.9300420615762940916e-06,0.9999999905769940689,-0.000116603213387916503,-7.2264615779840717319e-05,-5.2466263655799445201e-06,1.8147902625019040473e-05,1.1711600535399671391e-05,-1.9444268915790594628e-05,0.0034250277850787756197,-0.0032208703881992299493,-0.0045827334728536523595,-0.0071085079848632855629,-0.20151091896141853921,-0.0011410080520316417951
1620391246657282008,1.9130241977012362809e-05,-6.735138362548143793e-05,1.7437719096755512473e-05,0.99999999050018173463,-0.00011589339617520675913,-7.4566314854470001124e-05,-2.867268740581263397e-06,1.8710765647841177484e-05,4.3844829017814597114e-05,6.0140240820026684117e-06,0.0034181127739328718423,-0.0032296266666292160023,-0.0045583416087790519511,-0.005984580106691748079,-0.19960145871436132947,-0.00072544170340443176956
1620391246857287008,4.5647761473774441955e-05,-5.1632573369549535037e-05,1.3880319746103193346e-05,0.99999999057236110822,-0.00011657788366975380405,-7.2331221277654114015e-05,-5.7505251010658260406e-06,-1.3148093179228279915e-05,-2.3733087671736499908e-05,2.9060317821998451517e-05,0.0034011740429882452059,-0.0032142731443399654573,-0.0045887841456976954935,-0.0067578105703851856431,-0.20095923928586226226,0.00054036468072814658643
1620391247057302008,6.1689038872140991663e-05,-3.0310038953626748128e-05,-5.3786763817751999343e-07,0.99999999125279392942,-0.00011265504753644140174,-6.9083477179995362487e-05,-5.5430083456615973251e-06,-6.6989653063766068134e-06,-1.4218967360632683546e-05,-1.088952310296806362e-06,0.0034266597290256322651,-0.003191745470444349881,-0.0045864585564235451146,-0.0074540987342735154017,-0.20095161983787318549,0.00042962985830720531403
1620391247257305008,5.8300697169129759581e-05,-3.9073636015798102867e-05,-6.8134947419952395192e-07,0.99999999128909744517,-0.00011092993248646191521,-7.1197104298595045597e-05,-6.8794663159253884111e-06,2.189689787107702997e-05,6.9592449391942312934e-06,9.5871110770108042493e-06,0.0034387500156056807765,-0.0032033089144883125296,-0.0046002457238303231385,-0.0062698786978805150921,-0.20041708006046096702,0.00084224224316199964094
1620391247457310008,6.2365695007129419956e-05,-4.5190084578499436173e-05,-8.3201584063196317733e-06,0.99999999122442295718,-0.00011205264901986277271,-7.0558642861220783574e-05,-4.1030685078161382119e-06,-3.2975924688485316275e-05,-8.1068902388401717666e-07,-4.749585009551236716e-05,0.0034357705363363953179,-0.0032033890011666649178,-0.004570906388580158082,-0.0076658089769712734959,-0.20053482460088073447,-0.0012357623012138902602
1620391247657315008,-1.044623267571567601e-05,-9.169169894562621641e-05,1.9650262088147655887e-05,0.99999998318118876739,-5.85852649613514254e-05,-5.657185799352546109e-05,0.00016433202151802030091,-0.0028982115864094595489,-0.0016884003975822707653,0.00036681547831970468974,0.0034346880193073937686,-0.0032039026565214507106,-0.0045705431518896152965,-0.0098427088497527355504,-0.2002208854725122944,-0.0015173254023494698543
1620391247857334008,-0.0029164310762594450842,-0.00098698371665849500556,0.00029598078006169210212,0.99999614037088835339,0.00061694575407387727047,0.0002347579315354274786,0.0026987978761489382976,-0.045152945350370642108,-0.0029537929340708521386,6.8052325537536317965e-06,0.0034346617586766890577,-0.0032038837665978032836,-0.0045705955113573256202,-0.0098388226308487054111,-0.20022326130495152197,-0.0015169622138865774576
1620391248123959008,-0.010671907307531730558,1.4559046938618157529e-05,0.00038109778215131642504,0.99996547252824508067,0.0005582019217143494071,-0.00064360151405292798446,0.0082660715620465462922,-0.025607041327448801238,-0.0013610473863013027897,-0.0020416811379849130435,0.0034347034059244770793,-0.0032038910973075309004,-0.0045706123498764680141,-0.0098372570889642980269,-0.20023585050381315087,-0.0015035636310053593703
1620391248323963008,-0.012071577034932730321,0.00028829662956446100745,0.00035465251782369972347,0.99995513445442929523,0.00022186271436110569454,-0.00099655972517599341644,0.0094173628938349369238,0.0044431995530413697509,0.0042048590616589644198,0.0034634377625881438735,0.0034342443248856066237,-0.0032048818082260998978,-0.0045706277464817980996,-0.012899593330733252414,-0.19742842866267037993,-0.0014615144099182914971
1620391248523978008,-0.012486591008263218244,0.0014805809428400317461,4.5802125992667639884e-05,0.9999549383821967341,0.00026262467105274314282,-0.0010902164514241256994,0.0094267524327344871804,4.8372800724922650206e-06,-0.00010383309885508796785,-5.2425282979510958586e-06,0.0034044667674679607999,-0.0032020149326833923127,-0.0045995284135295364317,-0.010940555937575540887,-0.20650045795088967093,0.00080131540125630220002
1620391248723981008,-0.012570194876167084877,0.0023697598489880204384,0.00011929141788052173741,0.99995508557411960648,0.00021879963331495976388,-0.00097468204339830560954,0.0094249114632306320305,-1.7145052681388534173e-05,0.00031982113987728127968,4.7692183866277892273e-05,0.0033895352975002795634,-0.0031988314061485302424,-0.0045872001408200843708,-0.0096771222235690138036,-0.1860775797894926864,0.003483234882335300292
1620391248923983008,-0.012667733233404140231,0.0022484354529542630897,6.4775760848651581128e-05,0.99995506696924629786,0.00017627375597071867999,-0.00099354714921030188972,0.0094258068172228190451,-5.651050764859748797e-05,-0.00025084732885086906753,-6.2369374673768300694e-05,0.0034102102831985851329,-0.0032378854064148490655,-0.0045841515352489769358,-0.011925984286532333167,-0.19580094285475854732,0.00057437768795404707534
1620391249123998008,-0.012674141944070073731,0.0022223655414531084951,3.7982010415636340364e-05,0.99995502856948448311,0.00017512340784569629904,-0.0009969629907609089698,0.0094295405608499638372,5.7987290563302489217e-05,2.5757693414526919642e-05,1.4257241515882091202e-05,0.0034156931086789282977,-0.0032422453412671668055,-0.0045945544443892248967,-0.0093261449537147336764,-0.19465314154527302293,0.0010782444476048964107
1620391249324007008,-0.012671857082959418761,0.0021942204507659126417,3.8239938068097617183e-05,0.99995506015181345738,0.00017701948087691973918,-0.00098965583549305222166,0.0094269253849786436433,-1.747881011264433679e-05,-4.4185040363195720974e-05,-1.4299767407862523389e-05,0.0034172818075544819302,-0.003265358847931605895,-0.0045863079682688500521,-0.0092588019152134420214,-0.19670690119911019011,0.00045067298984617252741
1620391249524011008,-0.010861868937606688687,0.0030552315173925700259,0.00011223934724849221579,0.99994926114248017246,0.00039685217285893013318,-0.00090781157424343656044,0.010024645984123465442,0.026123449853307917357,0.0011483516786390717337,-0.0011909332855333690064,0.0034242701281865977128,-0.0032712717712194659681,-0.0045765149250119882898,-0.0073711084079913537226,-0.2031760522243354905,0.0002720855345977807923
1620391249724018008,0.0035336776670221517471,0.0041713238277071894647,0.00040829130179121612011,0.99994935457090461384,1.1145302244743527986e-05,-0.00080980975372235946674,0.010031569028651361394,0.12078908916415151409,0.014001913308702046077,0.0060448297999489437188,0.003420890987143073228,-0.0032655875619175653464,-0.004583879477980983691,-0.0067977729156632176605,-0.20166845426720686474,0.00031424419326593990877
1620391249924148008,0.032962221060654092741,0.0060926136966989608706,0.0011202291240745630534,0.99993294002827715072,0.00015472263487024398229,-0.00043967295983347756509,0.011571438761062815062,0.2000455480867311675,0.01529260052609224263,0.016071612291998989969,0.0034208909871430819016,-0.0032655875619175844284,-0.0045838794779809819563,-0.0067977729154805027062,-0.20166845426709989475,0.00031424419326533004505
1620391250124163008,0.073347604374410860228,0.010197249200494069507,0.0035089157518083057517,0.99996840007192233646,-0.0012626237363181291255,0.0024841694866888975636,0.0074453704315039729439,0.16352657625965014154,0.030304952004099810353,0.028082544786767072581,0.0034208909871430766975,-0.0032655875619175974388,-0.0045838794779809802216,-0.00679777291570412244,-0.201668454267106112,0.00031424419326631113959
1620391250324163008,0.099200457280112494529,0.010975388157190178393,0.0050910890464551782769,0.99958590188479479188,-0.002799593552012609194,0.00073331899125355769903,-0.028629517501389374623,0.1430838263647362385,-0.027201678401498865373,0.010105846307359798997,0.0034208909871430753964,-0.0032655875619175952704,-0.0045838794779809732827,-0.0067977729156817280273,-0.20166845426711649258,0.00031424419326537465997
1620391250524172008,0.12496660166988769747,0.0079965568586998596323,0.0075155288655436216366,0.99689894764231645752,-0.0018490866841857857197,0.001055519162355768141,-0.078663555394952261457,0.13752560504675054309,-0.0027448366446936947605,0.026402608791650777204,0.0034208909871430753964,-0.0032655875619175996072,-0.0045838794779809802216,-0.0067977729157001646684,-0.20166845426711224598,0.00031424419326623914857
1620391250724176008,0.15932002405200243467,0.0038259957785086620534,0.0096298863549504169768,0.99276674178937485138,-0.0017157024080574315335,0.0014048677075283555298,-0.12003865672724174651,0.22004151470471214336,0.00015448619345636319068,0.039543862275315054544,0.0034208909871430753964,-0.003265587561917614786,-0.0045838794779809689459,-0.0067977729156398847624,-0.20166845426713655987,0.00031424419326393288792
1620391250924190008,0.19939669645993113312,-0.0015384017477046054833,0.014888523829547958832,0.99025182489345564552,-0.00040748422236409486026,0.0020377022778754068887,-0.13927313100959823333,0.17822522055393025253,-0.029720495010486257248,0.029065547408458441286,0.0034208909871430749627,-0.0032655875619176113166,-0.0045838794779809724153,-0.0067977729156152785772,-0.20166845426714061218,0.00031424419326559665036
1620391251124192008,0.19728626415590716503,0.0023743939271672217205,-0.018544938408072770414,0.99052901801395909498,-0.0012390432635035000548,0.0012081422813301967087,-0.13729264232405699597,0.062372813541236735158,0.017040089676013447928,-0.04227380126330136656,0.003426290153036902833,-0.0032594721361238199187,-0.0045828346552180447906,0.024035526421569208128,-0.17317331238087885215,0.042942989219143114232
1620391251324202008,0.22373229942436512196,0.0071975977153023434213,-0.033460791634519954085,0.99065207606103644622,0.0015718971277210560047,0.00093669012009196101192,-0.13640057165201899259,0.016543665024833731358,0.042241072738307690326,-0.052014979929634941325,0.0034236350122473098966,-0.0032649404281820688239,-0.0045825895401338358551,0.00043593406503395285001,-0.21434508588356804282,0.049054183473021886752
1620391251524209008,0.23887205662504856774,-0.00099684827993939614799,-0.036872558621312639948,0.99062874898290920189,0.0027120183455450188811,-0.00092999572401143574055,-0.13655204778033613877,0.019893408637011882056,0.011587939821505827132,-0.050284621954774483266,0.0034220323752319117133,-0.0032650357457734272872,-0.0045799283044100757428,-0.05346034290393243682,-0.21168925615713518606,0.035080138873718781645
1620391251724221008,0.22406048643907922058,-0.0035529839571614820273,-0.027215868159565899387,0.990615153041919827,0.0012538689014184548499,-0.002626433775929182951,-0.13664972821829132754,0.00024004173146860430244,-0.00011128261092149989431,-0.00012070528036895594726,0.0034601207673501032866,-0.0032641093990175783744,-0.0044910111964514727589,-0.049758107295311576612,-0.16484459476655682897,-0.046350461328515661641
1620391251924223008,0.22739291258108032534,0.0043910679603126378037,-0.019827745201711734907,0.990604834767917386,0.00055262613908720764361,-0.0041539631739263022797,-0.13669125988419189577,0.0001562309585949801273,-0.00087844379172014736001,0.00061147994514413467337,0.0035162868930490535219,-0.0032686158410014935945,-0.0044612250995174750762,-0.062339650730496548592,-0.1814878659851114906,-0.0054242646365595600932
1620391252124232008,0.22608159180955006429,-0.019455934115042417681,0.0078491192035450921272,0.99061707098866713661,-0.00012263432570664843831,-0.00085690706191486989193,-0.13666407478537920261,0.00011163119488726740494,0.00029059588377982627748,-7.034394393284231807e-05,0.0034797812896975900687,-0.0032856856928205418165,-0.0044650084376029186561,0.0018987181839339867251,-0.1521635195279260333,0.0013102953391917714077
1620391252324236008,0.23742098887661033935,-0.013297405761271540586,-0.012956807530245263368,0.99060347000218684776,-0.0013092919474857263491,-0.0020634841701380828537,-0.13674353003818101593,-3.415329691665172987e-05,-2.6578521106846992976e-05,2.3438360112761748657e-05,0.0035191308308955369238,-0.0032882962538247212381,-0.0044417712652482215646,-0.024875776772136842796,-0.13360773965769620619,0.001921387598024304217
1620391252524251008,0.23327158147320295467,-0.0030586889561291154965,-0.016109002712146255898,0.9906030695908231154,-0.00058963069443299467344,-0.0032305241336708632495,-0.136728835900497947,-7.5406165727081556245e-05,-1.6574036472696195227e-05,-2.2577217283557128011e-06,0.0035090975581120440775,-0.0032722858161323290296,-0.0044432772100402679813,-0.048771052216677109048,-0.1525471524043952587,0.0019815498059087637527
1620391252724251008,0.23326463357349269678,-0.0030522214659729502567,-0.016132295617866145021,0.99060219710778940616,-0.00061151063828473269015,-0.0032298031465391517474,-0.13673507783884356059,1.6753516355152964744e-05,4.5555490129449145546e-05,-5.1147783211768962225e-05,0.0035124602228613298859,-0.0032920938178863448642,-0.0044382796587975033645,-0.047942441221798762219,-0.14967801805577896079,-0.00025919983100922746461
1620391252924258008,0.23327042588481225471,-0.0030283568340222512781,-0.016163229472679074145,0.99060536502008422755,-0.0006137846407794838666,-0.0032210668567914241267,-0.13671232128138616213,-3.2913009589502560497e-05,-6.6437571286648983149e-05,3.4317389174713631376e-05,0.0035080364739159828127,-0.0032901442459497202801,-0.004456818878581281923,-0.048444068357657542323,-0.15302849492339234971,0.0011771230576783798388
1620391253124269008,0.23325250614685744122,-0.0030527956052398014936,-0.016161665422075421894,0.99060343710229725733,-0.0006219650464164672805,-0.0032238259229242266675,-0.13672618808046729799,7.6682528186943667704e-07,8.8133917548937414392e-06,-6.2154510042365955415e-06,0.0035133897652884350619,-0.0032954495026487227657,-0.0044455128954683856279,-0.048486166473749765793,-0.15225623643965191523,0.00088327826472273172735
1620391253324281008,0.23321537625394914151,-0.0030180586066889006185,-0.016207926751974140178,0.99060443097261885459,-0.00062881215851028310175,-0.003214848527944558481,-0.13671916720645424514,2.2976426350500658326e-05,-6.3103751769119769961e-06,1.4476968426907271467e-05,0.0035053542440591175557,-0.003304719954546912232,-0.0044513521725903729825,-0.046984615201680846042,-0.15240859151402194605,0.00150477770906572118
1620391253591032008,0.23321064765594798351,-0.0030142550667208441,-0.016198148374849213188,0.99060974473727214651,-0.00064914461321637995442,-0.0032072511595472416764,-0.13668074400890445341,1.299840912451853789e-05,1.8681155468706369359e-05,-2.272254799996732081e-05,0.0035096339592568669315,-0.0033174557625127104946,-0.0044733245296400591176,-0.04619767798290894123,-0.15062817046814308553,0.00039950971675554937564
1620391253791038008,0.23322477791216433829,-0.003029318601141268736,-0.016191432292219403583,0.99061144173204696006,-0.0006564884803479245157,-0.0032112721831857185886,-0.13666831477484653323,7.6273410174764236756e-06,1.1171586251048458015e-05,9.0792554962478011493e-06,0.0035154579250998348877,-0.0033210681936676708127,-0.0044837637965509883481,-0.045910307617559091564,-0.14960641880516151181,0.00085398659181735482593
1620391253991042008,0.23321467064881451492,-0.0030233997202657532551,-0.016277052437761414111,0.99061153571242654969,-0.00069213059773463913096,-0.0031957525981379767029,-0.13666782150175491028,-3.0458317556191275271e-05,-8.9090462016626931099e-06,2.6198914051311212019e-05,0.0035083802879715703799,-0.0033542846299426045016,-0.0044841578031310710961,-0.045352080857004505032,-0.14988054869455347262,0.0020644562423816478422
1620391254191058008,0.23320392746248222449,-0.0029306542375884367564,-0.016321876332429180456,0.99061233341065735303,-0.0006630441870641268871,-0.003181011092957544955,-0.13666252754696828209,2.5105350086759397861e-06,3.1115387165564327432e-05,-1.6838321280077632588e-05,0.0034836491176083823548,-0.0033391715203342419924,-0.0044890483260837613783,-0.045807750534643372486,-0.15019076209441098446,0.0013260442662451602143
1620391254457688008,0.23320724811910417684,-0.0029430362281557265192,-0.016276217463653142731,0.99061294864392646087,-0.00066169089900052066242,-0.003192484413431976361,-0.13665780690253434559,2.6982283715370634827e-05,-8.0865566936683260738e-06,8.8614756183562316209e-06,0.0034895919868022213205,-0.003332126074305905971,-0.0044917951884931740097,-0.044771218106587788721,-0.15010817823426855777,0.001916235978869227502
1620391254657694008,0.23318180979232339123,-0.0029260321837145820273,-0.016307058124905956381,0.99061260212227120192,-0.00066213528332937341987,-0.0031858739247380518482,-0.13666047087854585329,4.5370089469042073141e-05,-1.8478076836119032263e-05,2.4752559536044785749e-05,0.0034810098395277495886,-0.0033358454987984561407,-0.0044895071275122197529,-0.041975738732934170239,-0.15081148173473207796,0.0031738789525297319422
1620391254857704008,0.23319048356804594757,-0.0029568266096891998064,-0.016300631921200559732,0.99061242837893825897,-0.00067850859943700868662,-0.0031865413560854794449,-0.1366616344167232433,-3.8657767983249849159e-05,2.3208082490677576799e-05,-2.8222385211488793932e-05,0.003486589017311466504,-0.0033480407600708387769,-0.0044883753781854033096,-0.04338237416146754899,-0.1496902416372418998,0.0019904493597147610538
1620391255057716008,0.23318840905439430777,-0.0029193081872978445673,-0.016314117097875672352,0.99061225768132121772,-0.00067312604347858598537,-0.0031873433098340174172,-0.13666287965453940978,-1.4035611795576923922e-05,-3.1088584556481640986e-05,-1.6659438080964575042e-05,0.0034852376925404008647,-0.0033428656631745569221,-0.004487211459610703293,-0.043915941980612605011,-0.15121995628305887061,0.0011737148791830232224
1620391255257719008,0.23319439300455771513,-0.0029301958481223878798,-0.016304513381797905436,0.99061252617613759774,-0.00066320651916618406172,-0.0031892230904622255287,-0.13666093807713952657,1.492295381206416513e-05,3.3059287963189910777e-05,3.4668792910814474602e-06,0.0034846755059173601006,-0.0033349367489660304044,-0.0044890069889860009789,-0.044050881717321459241,-0.14996028579606007769,0.001303988009158074321
1620391255457727008,0.23318491199507465628,-0.0029361942852153860746,-0.016321730656517274144,0.99061153018184711083,-0.00067440570495564712561,-0.0031892398527228371825,-0.13666810233879253533,-3.8899328292552493459e-06,-2.4400816967228727318e-05,2.186505919524138193e-05,0.0034877683274409845143,-0.0033442375592534598523,-0.0044824631471513378886,-0.043525871578963079567,-0.15059524176328342726,0.0022221346380082657515
1620391255657732008,0.23318490107458927918,-0.0029486583373338555621,-0.016328033464549123605,0.99061114087126056482,-0.00067987200087943908469,-0.0031911435534532372506,-0.13667085263004488671,1.7630178361338072823e-06,-1.5640579653204293763e-05,7.9208796683604982668e-06,0.0034916142633303445982,-0.0033476587798634501771,-0.0044798898620062805112,-0.043162600982122899251,-0.15091733363476428353,0.0025189997925633093173
1620391255857744008,0.23315084300213073654,-0.0029286861844412723742,-0.01637052852166322181,0.99061045615951848209,-0.00068161600484373512793,-0.0031778602619527635334,-0.13667611624277362092,-1.1560595838759006159e-05,-2.5643072039627408387e-05,-3.3722796075661581362e-05,0.0034765072662886653716,-0.003355346227445134711,-0.0044751205932385025588,-0.042664271991957700148,-0.1529368140097120965,0.0011140286772797136292
1620391256057744008,0.23313762124448472735,-0.002894234530734625388,-0.016408220696164012992,0.99061109253539458841,-0.00067879245877651710368,-0.0031667835709651907632,-0.13667177495168644774,-4.4361629480574955777e-05,3.7461402619138684314e-05,-1.1395765585984441392e-05,0.0034645798447540347015,-0.0033582374130878352332,-0.0044793648234841667091,-0.044544929877791350492,-0.15256064302519029008,0.00064577877959724316187
1620391256257751008,0.23312103461262831394,-0.0028825246830976891145,-0.016417742390302171585,0.99060949757415628358,-0.00066639625217807310891,-0.0031641552671531195974,-0.13668345676546969636,4.3485414622413965649e-06,3.9153070795476248127e-05,1.2471101202112929644e-05,0.0034589947068291693709,-0.0033505746810462222821,-0.0044684806923941606041,-0.045173193968696845335,-0.15140314481378730482,0.0011486291698686993713
1620391256457761008,0.23308943134497747685,-0.0028984342431649262085,-0.016423153817044726377,0.99060820401311444616,-0.00066283589716570215453,-0.0031630521871849298469,-0.13669287432542395755,7.133231687172093393e-05,1.5134488662218011307e-05,5.1764157454197454265e-06,0.003457255563827008743,-0.0033490676121049286519,-0.0044597096718438956897,-0.042477879038196865447,-0.15015896170604411952,0.0013411612820810722615
1620391256657769008,0.23305708887145287767,-0.0028344395564722257332,-0.016481229964237328889,0.99060933654521854397,-0.00066316053841081570083,-0.003151056164883819441,-0.13668494215745896625,-1.593720454088435874e-05,-3.8398800112811380756e-05,-5.1671079314322647521e-06,0.0034427885019035560539,-0.0033541673791526848553,-0.0044676062853439939271,-0.042215198066252422604,-0.15268082866944049369,0.0010851857654711831967
1620391256857773008,0.2330489160104715074,-0.0028366793437449230875,-0.016494121760326170556,0.99060806789455491117,-0.00066228373849520352171,-0.0031470016141470686689,-0.13669423390658047568,-2.9652623168568851067e-05,4.4979464292141412875e-05,-7.4481063470594686396e-06,0.0034383237650791780363,-0.0033566819638833219307,-0.004458728096323174607,-0.043736093982532135704,-0.15141680317874217643,0.00078705041815183365578
1620391257057781008,0.23306213727801430857,-0.0029001399498175947297,-0.016482238735994931417,0.99060683281500905295,-0.00067170830992510990876,-0.0031529353235119459038,-0.13670300138258964506,4.0255111378037218388e-05,2.9540299431667386629e-05,-2.4803287555968998954e-06,0.0034484822352053700473,-0.0033626647045281428741,-0.0044503473926431882587,-0.04215312586331156075,-0.14901845508352071223,0.00064629683656399969371
1620391257257786008,0.23303759115172498206,-0.0028989413154111424477,-0.016514715318301478181,0.99060592077346920625,-0.00069368356590898759117,-0.0031479167800364748174,-0.13670961616361582136,-3.8236777496659804867e-05,6.4352703983543981751e-06,-4.4975667416589953278e-06,0.0034492094860746600783,-0.0033835054502295907816,-0.0044437585154580494171,-0.042671142869452859114,-0.14862377884976191167,0.00047733277580335104796
1620391257457922008,0.23303018670656036604,-0.0028909319035658942107,-0.016554133318567670896,0.99060767359020496237,-0.00070562498886101484696,-0.003143983350240639376,-0.13669694395365991624,-2.9871055259256642286e-05,-4.3743468101583920724e-05,5.8613094346226262039e-07,0.0034481755462918784252,-0.003394307026036152454,-0.0044558295982324511164,-0.042763048199664227544,-0.15066274663723155935,0.00043807465025803599568
1620391257657931008,0.23302913712814340985,-0.0028808337748761924692,-0.016556641572027373799,0.99060724170157399282,-0.00070357044881529215603,-0.0031418878250911090426,-0.13670013247219961472,8.5449240385606658023e-06,2.2181906715009142104e-05,1.1336304966373986864e-05,0.0034448234577954344425,-0.0033938729527115238556,-0.0044528649361936234463,-0.042618018885935513018,-0.14981587109302998972,0.00096715576389664725115
1620391257857931008,0.23300876350265142811,-0.0028744006912192671989,-0.016559157438227289222,0.99060714812720829237,-0.00070155166468059866614,-0.0031383924492175644533,-0.1367009012310281546,3.0449552944206690654e-05,7.8548477341696017195e-06,-7.0410721263340555207e-06,0.0034398417619919859078,-0.0033940990183570496352,-0.0044521878563983496163,-0.041355570894254400915,-0.14948097602140886231,0.00069785150252777436788
1620391258057940008,0.23300902739144951914,-0.0029273329695445183922,-0.016552402226671571184,0.99060490984187388186,-0.00070821710063057638062,-0.0031410015784127738765,-0.13671702576780714322,-3.6480731351388388621e-05,-2.4495832117714768424e-05,-1.3543009199584062877e-06,0.0034462376342226344779,-0.0033978417711697113911,-0.0044365655844032635818,-0.042467942826317266192,-0.15054253229291120197,0.00062331680962558809554
1620391258257952008,0.23362101143481431298,-0.0028638950567752242612,-0.016757888446295724633,0.99056337680106143484,-0.00086044356538713675456,-0.0033386614459464023473,-0.13701207799715420244,0.020985616167123671144,-0.0034229134164205877663,-0.00054959109982120868919,0.003446900936134261826,-0.0033970959084802477765,-0.0044363301894462612435,-0.040848418575348988124,-0.15232743724304934063,0.0019348530432995664566
1620391258524581008,0.25263187902903838644,-0.0084744621669391555219,-0.015455957176941301223,0.99072101416033420129,-0.00030495334202668643829,-0.0026260776086399172102,-0.13588555044952757567,0.1314125855954594857,-0.04007222536957461001,0.0053919596861782340125,0.0034471778127633505989,-0.0033978518542693765016,-0.0044363227803611371761,-0.042493201505393846107,-0.1512430180166072502,0.00068523423267506287059
1620391258724589008,0.28449884366834382599,-0.015438039814345239434,-0.014263249687822714129,0.99100755603123724669,-0.0011060280412484937724,-0.0037464361743122318732,-0.13374888712418389614,0.21367528341628627686,-0.05472202402165715629,0.014730505147030345872,0.0034476284648721428408,-0.0033977413312757122864,-0.004436127533422738918,-0.042582038350306126995,-0.14837828886044451826,-0.0018498496462514121743
1620391258924600008,0.3313556890934669652,-0.026848866984172506389,-0.01262910324233789891,0.99127683918578024524,-0.0013084605829873799474,-0.0032866604230792815199,-0.13174867698772046998,0.29233410568238687999,-0.05757348139477721366,0.00093250053471296287869,0.0034476612024964760524,-0.0033977801082541703691,-0.0044361334708432507631,-0.042522025139642635749,-0.15000719313262006471,-0.00038589813231162538483
1620391259124604008,0.39181237884644137814,-0.042633495387148466482,-0.009917177039900441568,0.99138165627667573787,-0.000441976781471660452,-0.0034126098890448889646,-0.1309601861192367378,0.37135953626939466332,-0.094628319577296338139,-0.011579639990890931017,0.0034469805072838764597,-0.003397907239004692697,-0.004436310333881270454,-0.042518581266525246054,-0.1493379322194976766,-0.0010203303821447289035
1620391259324609008,0.46626207657383184069,-0.061599158762958898528,-0.0068468600612527083862,0.99170671165819868076,-0.0010287762897059748307,-0.0024946005601825908815,-0.12849325522949911482,0.43296452105091748352,-0.097939834051913213231,0.020685547807612707921,0.0034469805072838838322,-0.0033979072390046922633,-0.0044363103338812817297,-0.042518581266535633578,-0.14933793221945901308,-0.0010203303821609038989
1620391259524616008,0.55456035863032215882,-0.084667486241274861336,-0.0031038221684478511583,0.99190559419691959331,-0.00017594959382164816362,-0.0018467389137532216371,-0.12696397440999060424,0.50274273330455576669,-0.12709059342080744615,0.036964072518992537042,0.0034469805072838786281,-0.0033979072390047013706,-0.0044363103338812661172,-0.042518581266382943218,-0.14933793221947325169,-0.0010203303821427023128
1620391259724630008,0.65805382746579799136,-0.11087718339376818888,0.0028922958453229297322,0.99192589205211989523,-0.0015538551435135411483,0.00065417895451829204036,-0.12680765852540074046,0.59093728619997620832,-0.15145725030970910718,0.030796349226003671279,0.0034469805072838777607,-0.0033979072390046970338,-0.0044363103338812721887,-0.042518581266426616616,-0.1493379322193948977,-0.0010203303821546990098
1620391259991386008,0.82060693046249588711,-0.15281184235918743308,0.0094586607981390468519,0.99190280705040123621,-0.0021323890867023442483,-0.00086830487267662884946,-0.12697842465933106837,0.70204919641235974392,-0.16557341540163375559,0.026303109006557360422,0.0034469805072838734239,-0.0033979072390047087432,-0.004436310333881258311,-0.042518581266231945948,-0.14933793221948329921,-0.0010203303821709399247
1620391260191398008,0.94515077677383285693,-0.18375921674715448018,0.013247431175337612969,0.99031474602870517288,-0.0034363925860939419608,-0.00061612727421103642353,-0.13879666923697159264,0.63320101026047392878,-0.17081069550978300597,0.016674910253112032454,0.0034469805072838768933,-0.0033979072390046996359,-0.004436310333881260913,-0.042518581266369891158,-0.14933793221944746676,-0.0010203303821687437648
1620391260391406008,1.0574629332966276607,-0.21818505960474313121,0.015802506815394887912,0.98361861216934465268,-0.0049419070702934608796,-0.00051416238040293655524,-0.18019361527425820091,0.56249693129477118525,-0.18537056581255903498,-0.0072916604233215715283,0.0034469805072838781944,-0.0033979072390047065748,-0.0044363103338812643825,-0.042518581266232299831,-0.14933793221947216923,-0.001020330382172343316
1620391260591414008,1.1527378350126611384,-0.26243461158223502228,0.016222203222150958363,0.96869055024356731654,-0.0033261154529535211927,-0.0024118849889622189647,-0.2482372607720453872,0.48412286931706621784,-0.31692086183661144494,-0.046510527731129326645,0.0034469805072838799291,-0.0033979072390047096106,-0.0044363103338812756582,-0.042518581266241001204,-0.14933793221942806562,-0.0010203303821646268323
1620391260791414008,1.229492873574354217,-0.32085198369744355462,0.017026768331434294357,0.95594521382420039046,-0.00098019713254306087107,-0.00049886415854081352008,-0.29354307778371541149,0.36869000945495905563,-0.29709085104722882109,-0.0069316853776602302753,0.0034469805072838790617,-0.0033979072390047152484,-0.0044363103338812756582,-0.042518581266166761978,-0.14933793221942798235,-0.001020330382172798464
1620391260991423008,1.3006657829344039357,-0.34892696879666967869,-0.0030453439674780306834,0.95773784393949323857,0.00053925187069630328273,-0.0012105800543425566593,-0.28763947223822200483,0.26521533459933910315,-0.20681496488011591461,-0.030130248377077686883,0.0034482072536598513783,-0.0033985046318511188436,-0.0044361679100916821122,-0.044884767412294544753,-0.161360728653224067,0.0088540836331363007711
1620391261191430008,1.3509380430243549398,-0.37945357843601396075,-0.0092105903949280705512,0.96455637926156556627,0.0033284740199862835643,-0.0018889916943198201919,-0.263849093606356222,0.29309764789064496338,-0.19590349213782801141,-0.0025419872821289997422,0.0034483653899207281947,-0.0033984425112951869609,-0.0044361896164111808832,-0.043830988728804365362,-0.16288035998072683541,0.010671951152581821143
1620391261391444008,1.4220267504385397661,-0.39282137279162193666,-0.033888103848862503875,0.97029830044897558139,0.0026041224012716798937,-0.004046816027061966338,-0.24186370122941458494,0.38849155644761912409,-0.19149956746092838822,-0.029663243409023175301,0.0034491863921217416795,-0.0033988040485614236068,-0.0044361947422244581846,-0.040762364482685095601,-0.17265540924480524132,0.019233356887172963628
1620391261591465008,1.6496959439383820367,-0.35887241526624213961,-0.17777745827768476339,0.97517560106429901357,0.001513704323941504528,-0.0042926877113579915007,-0.22138615272937711698,0.58378190878539182318,-0.18235166124902296714,-0.13332118645597018647,0.0034567693065235584327,-0.0033971733267445722304,-0.0044343615452428581866,-0.1033239040987556645,-0.19430273770348005513,0.046421213634395053216
1620391261858079008,1.7784295112751675738,-0.38264711598643158519,-0.26904732744897030816,0.98137259668039000804,0.0021556011414063055466,-0.0042035389109280132947,-0.19205600779234077713,0.67791968611736497241,-0.22448319111247364011,-0.17564705656121429311,0.0034519509605190935864,-0.0033940138823792664197,-0.0044359541177682497784,-0.12261342932996346922,-0.19264227874300590693,0.046577426107091507435
1620391262058089008,1.9027501785510785304,-0.42758685970658744102,-0.30404707916216566765,0.98501935144882346584,0.0013654779516331407019,-0.0035555120013047855285,-0.17240177225223368707,0.75466445777016921692,-0.19600003728907577916,-0.19357394722783496932,0.0034567226154171601209,-0.0033927421119062856937,-0.0044358700071917963811,-0.097836824666072283452,-0.22425360879729724917,0.081462677966553931341
1620391262258101008,2.0878984478887021581,-0.48260128027456827837,-0.36369647082201611576,0.98823231318617299479,7.2709382753533306418e-05,-0.003306484591819685865,-0.15292467769361231533,0.86949831114308873126,-0.2004927024058832663,-0.25270684831002809823,0.003457828353567836497,-0.0033928352717089316909,-0.0044357633042719814276,-0.093900252314443322099,-0.23124976802578581236,0.097230870886584497281
1620391262524864008,2.3278635600128860794,-0.54983919179059137505,-0.44846855056967666053,0.99252384300431106823,0.0022629845700325918779,-0.0048100819073804172363,-0.12193507731917642423,0.95551783831754266707,-0.19031414859278536489,-0.27174336211823746368,0.0034577907770842611704,-0.0033933783039385083218,-0.0044356150723515851836,-0.091647872553861892131,-0.2257066646555790923,0.10283893579521029282
1620391262724866008,2.5041126118390626409,-0.56422431332376621338,-0.48916787656509869153,0.99183469007214741797,0.0030373327116015639247,-0.0066424535275401283205,-0.12732085450004068661,0.88028532855277619174,-0.095304331054979929405,-0.30577867775028622077,0.0034586682452869745713,-0.0033935013082861814615,-0.0044355920090460628641,-0.087753494768561188244,-0.22935859822951054632,0.10308767965599603678
1620391262924872008,2.6753264602884634371,-0.58910571891751983831,-0.54594972237711592022,0.98747607123903835546,0.006641492236839677786,-0.0099939966534159374589,-0.15731185378754194981,0.8178867927158086637,-0.19056146994615572043,-0.32475622266204395849,0.0034587374272447781072,-0.0033937426450139965804,-0.0044355720993165519833,-0.089647537606064961468,-0.23134315985646020097,0.10274713906748131342
1620391263124878008,2.8316828859471514512,-0.61562872575961635757,-0.60202456183968278136,0.98107349387595910173,0.0059253655748428488148,-0.008521346756979299511,-0.19335737975642455777,0.93754305985772612431,-0.24025308565084579904,-0.3849635432177064831,0.003458242855392051722,-0.0033930468544712678695,-0.00443572473468128569,-0.094746256339688250669,-0.23535087113958191862,0.100236976780423509
1620391263324879008,3.2229036678762814638,-0.65748510216573952114,-0.66290488830013905019,0.97357198902312713784,0.0050224237616717151006,0.0037678289121140032258,-0.22829402294935211004,1.1127282307491404012,-0.31814475763060323654,-0.33748395646420104033,0.0034578392466573463354,-0.0033958589565721724636,-0.0044356016265259716816,-0.11272556187270378614,-0.25351021181048888353,0.099997248952910899877
1620391263524885008,3.0784373336374826202,-0.72788035847033261128,-0.72672349113433643009,0.97023159970951911024,0.0037047651112773415626,0.0075050696673938013109,-0.24203427767542665117,0.8834768617162651605,-0.31266233669821480445,-0.36707010856629368467,0.0034583752170383248899,-0.0033927188203698209826,-0.0044357304076245579472,-0.075869704297414242156,-0.22364226661732888868,0.098640787076062177996
1620391263724901008,3.5429679220148724283,-0.85585796821607873497,-0.79853911169209124132,0.97410972964217823478,0.003494200674660674806,0.0072506439650161132182,-0.22593240878674389349,0.97808174191140651033,-0.35201621875663086092,-0.39059608889295932554,0.0034547034572419820647,-0.0033991553006127968664,-0.0044354569844521430158,-0.11169070378034240409,-0.2026018941423923525,0.06504514767699594302
1620391263924931008,3.5103195473066479693,-0.89305538240630355507,-0.80925819789764852352,0.97974705114767834946,0.0027782021491555225837,0.0041835454361030454881,-0.20017616068810814567,1.0090744384670473632,-0.30811530404980996822,-0.33853688487748356817,0.0034541378381227581806,-0.0033975412797934236887,-0.0044356086218783445652,-0.088028085823848606362,-0.18176152894355215861,0.049143528903275467135
1620391264191535008,3.7931717548901859871,-0.98265565029411905407,-0.93754713316068971629,0.98576144575212809595,0.0018238778387420124822,0.0061959497808309919528,-0.16802575916988840565,1.1354223107899041878,-0.32154703719017879715,-0.37177758924671044927,0.0034547711927025272563,-0.0033963382194138586577,-0.0044355533762315216967,-0.086470091039772725705,-0.18827315212408723966,0.060261645693920319611
1620391264391546008,3.7758377561055409544,-0.90527300619307604634,-0.92479191238891433891,0.98886330489604568061,0.0023227848207969048824,0.0031598364100501310711,-0.14877494525157303196,1.0962874022851853972,-0.28308916792235871984,-0.36309831005840847995,0.0034565384772884499669,-0.0033951149114148288823,-0.0044356369851045671093,-0.057070992112148319353,-0.19654032456419404107,0.061621864455857280896
1620391264591556008,4.3639382796223609162,-0.99783524837675108277,-1.0433220463515753273,0.99040904378728888968,0.0064155875204311187121,-6.231470248609530031e-06,-0.13801726769605576761,1.2405383720287033178,-0.29840425965227990179,-0.43981720256988965367,0.003458197193402097816,-0.0033949829282745600315,-0.0044355353118403434767,-0.086111217498013856164,-0.22444097010175831364,0.074722814522717728725
1620391264791687008,4.362336154794548726,-1.1380255503683012197,-1.1850871667616817984,0.99076090200959399112,0.0083819747467236138672,-0.0026523455806045977828,-0.13533492753684267518,1.2167191713629583738,-0.26769113251302512069,-0.44595567747392417246,0.003456071153462648201,-0.0033951525823664946771,-0.0044354873607930561316,-0.07689012039884264571,-0.19571454867143484035,0.072987961176526935936
1620391264991690008,4.6752470630687845699,-1.2100686142881931229,-1.2830460837418684594,0.99077443008491528076,0.020961669498290928099,-0.0097147764503519012241,-0.13353748619872976566,1.1408649631667027169,-0.31649027810956487095,-0.43332111653551741437,0.0034560466059466218164,-0.0033953160151239162277,-0.0044354378979724988497,-0.083373838878842879141,-0.19878378151303238708,0.075410059942228047092
1620391265191695008,4.5729853192075680113,-1.4618637524464443977,-1.5484153728377179071,0.98804204711882648304,0.019290354853283505493,-0.012435599781940556013,-0.15246688556187315555,1.1718587565930360661,-0.36868682895324633719,-0.43792244005227809467,0.0034540991034493267672,-0.003393855591291702542,-0.0044356488322966876672,-0.070229738039123232318,-0.16870422866024714637,0.0901433716456699341
1620391265391710008,5.0124329815626396112,-1.594710355820066594,-1.7015375454520929033,0.98672816394716245103,0.025270723554587030957,-0.007215203658009561663,-0.1602400132322237547,1.2676310129271790572,-0.4299867319147063216,-0.58711577993792618546,0.0034537570594964611508,-0.0033941990546183446568,-0.0044354738952747932088,-0.0841586748499730114,-0.17495196988617128797,0.095278168351304301509
1620391265591710008,5.1184697802906091724,-1.6370430070657246979,-1.7516829096683643741,0.98351673574556019997,0.029449247139230333437,0.0015235029586805753921,-0.17839633205328470078,1.2012854806417136988,-0.4800160622881521344,-0.50455279236454930736,0.0034539433884466287129,-0.0033939490625528329765,-0.0044355287361048613068,-0.076775146440751465549,-0.17241708040150954817,0.091773002844525247701
1620391265791725008,5.4028478343778525428,-1.7431463752632656572,-1.8759565462480616294,0.98341835954976963841,0.031352438180824296343,0.0045686326875009715051,-0.17856226453516049757,1.2255755730679860349,-0.46490160656950979545,-0.55328396124682399648,0.0034538453209916235645,-0.0033940879031900618619,-0.0044355019771905512468,-0.080661306932931581271,-0.17380192061192822894,0.093595089033572151371
1620391265991728008,5.6910247891154179811,-1.8702325040334981665,-2.034363172084452831,0.98518159690338868995,0.032192829917451398769,0.0010042225027668298318,-0.168463154315596636,1.2074302284877322933,-0.46171603445608289107,-0.61115696689033038869,0.0034530008141216376322,-0.0033949389710016745873,-0.0044354544421581730551,-0.081978713960929996962,-0.17132897990318093906,0.094694593719390846021
1620391266191739008,5.7829281142626687284,-1.8817665508733152357,-2.0702236323705931476,0.98718845202455784982,0.031830999319754443855,0.0018534715306680596067,-0.15634037327238473059,1.1468342568753107091,-0.41122504605470244776,-0.54976765325339294055,0.0034539315974449792679,-0.0033939474239857263249,-0.0044355363645753789065,-0.076395466812358411857,-0.17242260143122137284,0.091687172451897544501
1620391266391740008,6.077714526573073428,-1.9772587973210162815,-2.2169402767561585677,0.98596825512357499921,0.032876863752746413039,0.00071655299766549163543,-0.16366184121583829403,1.0861161559508061281,-0.36167656180402951716,-0.69075311900745361982,0.0034538451912849957477,-0.0033940900741692564546,-0.0044355010698327694552,-0.080715014586653699435,-0.17380836623309270372,0.093624459313083122081
1620391266591752008,5.9813100844085811403,-1.9699330098430434255,-2.2386312905853489319,0.98146144646709254644,0.030813732974548847798,-0.00018927138510147232869,-0.18916634778744023659,1.0838830913810855172,-0.38437102297693287456,-0.58438357813025798571,0.0034527134529042588507,-0.0033941910708435393297,-0.0044355401192219907555,-0.064326972644817376201,-0.16867641557130391705,0.087026319036675653384
1620391266791753008,6.0357306917932938006,-1.9848053629047961444,-2.2733218852297802925,0.97464822617838808849,0.029445408336818013756,0.0044128426634455824792,-0.22175285782787088062,1.0646030714922241067,-0.4914366970236998533,-0.59874463341139183559,0.0034561488093990486853,-0.0033922906191909498776,-0.0044357641316513539073,-0.057747247563276232762,-0.16607207418514188801,0.08365676145950728948
1620391266991775008,6.5594060916741954159,-2.2791575417384448698,-2.6053184575394672251,0.97166492074603938445,0.035161655328900268125,0.0038193921280349350973,-0.23370141640541569616,1.0538340222504147814,-0.53401064350092586341,-0.66757086217966632447,0.0034573545056164104415,-0.0033914760875222603118,-0.0044356431705467854257,-0.079483255477086747764,-0.16680447385192037624,0.091809770726448899913
1620391267258399008,6.5116873985632013344,-2.190701949599109799,-2.547882372438866394,0.97736901895757521963,0.034881614369029159683,-0.0029543575985346644426,-0.20862489192830671603,0.84665272088107346171,-0.45835642787761082806,-0.67381083342985259588,0.0034562305291767590754,-0.0033924915917067448821,-0.0044357467664022211598,-0.058381981250926501259,-0.16675582536780772513,0.083776497726899851193
1620391267458402008,5.7145435806078506147,-2.2414970235792006648,-2.3392942866219996745,0.98432193262828338032,0.028997594607927779098,-0.0010203946485310517664,-0.17397824935501882138,0.57192893655902221628,-0.31597197255816400485,-0.47911643077571913762,0.0034527606883525772258,-0.0033923589169793468868,-0.0044359569882325075585,-0.037818444645167953455,-0.1235547738176540622,0.042822788846412336572
1620391267658409008,6.0935771884760603356,-2.288737524075378893,-2.4899657267163202157,0.98694105957161437637,0.036045774220653206688,-0.0016135145778105048752,-0.15698867367807281537,0.55818298011368461253,-0.2233233299057309218,-0.5519211149108864678,0.0034516273282177291175,-0.003389325945567093698,-0.0044358745293839032739,-0.043278582579234010919,-0.13560767544128932149,0.049387074500421491996
1620391267858421008,6.347040655369498019,-2.3790023992124536001,-2.6385181865481919239,0.98678913351163999312,0.033713505970589273397,-0.0027316090244592721413,-0.15843971664533990085,0.6105706977769216337,-0.25671347805162231248,-0.59517743379732035436,0.0034516655504711760485,-0.0033902191049774688635,-0.0044358828602382464543,-0.052531604279502305821,-0.1370961518017644043,0.049680409340665414308
1620391268058424008,6.5199564016082192097,-2.4265408388163391962,-2.7517983288876810555,0.98545706147588318924,0.028200917513334901321,0.00063867582201614959969,-0.16756694283753589825,0.66459248693423844667,-0.26097768241635332931,-0.54341330974087087569,0.0034519313155813671247,-0.0033905035320163524198,-0.00443587482937596745,-0.054771092284377168036,-0.13923251053380103492,0.050740498443388695748
1620391268258432008,6.6704100093348168699,-2.4889824046900952403,-2.8688362251367851563,0.98409155757512345453,0.031554788091761348801,-3.0737553251252333858e-05,-0.17483735502762104419,0.70916165861122082426,-0.27505364272545806958,-0.56046286109976117817,0.0034519345279982079078,-0.0033906362504048659368,-0.0044358764326533871303,-0.055897433644064513369,-0.13955923767009736913,0.051049258173181635834
1620391268458442008,6.8141756548060889997,-2.5443144473134853278,-2.9794841778023921641,0.98323011378546321115,0.027270849895219103493,0.0073336212509954069871,-0.18016953707762212167,0.76884389116911489026,-0.29709420379170525806,-0.55652114406064601138,0.0034519384791006375163,-0.0033906489752809601708,-0.0044358760486770043227,-0.055995813722872031515,-0.13961913948834195343,0.051119336908777533723
1620391268658578008,6.9576125453393853348,-2.6057072575629249833,-3.0930899089474674923,0.97807343950042202607,0.023519987134881226859,-0.0027054321501784753604,-0.20691021672665271813,0.72267036383504146269,-0.36621173931314626726,-0.67722361854249990554,0.003451948008684487413,-0.0033906579275058213244,-0.004435875389170610382,-0.056041392776908435791,-0.13975427347897079189,0.050967387495630893379
1620391268858579008,7.0972111509170634491,-2.6682582115157078562,-3.2043600487850891767,0.97000581257750451147,0.015821353674298776343,0.018912698073805776083,-0.24182786891782595551,0.79454860085338130382,-0.43527085088961309234,-0.57301590733811580414,0.0034519429499691219737,-0.003390631641162853132,-0.0044358744539046944533,-0.055844302493863878789,-0.13963084788583440821,0.051048536251491700988
1620391269058587008,7.2374716346921381671,-2.7487243951122479757,-3.3207338262518693028,0.96391418958075847367,0.0084328982287046935079,0.016872160202729188233,-0.26554406708195826825,0.78973898790189756003,-0.41979594935979991366,-0.67258149105799380774,0.0034519429499690421764,-0.0033906316411584191788,-0.0044358744539040482688,-0.055844302444471173585,-0.13963084786523471958,0.051048536259487790889
1620391269258591008,7.3769612440597374103,-2.8399455990455271248,-3.4413560937703335796,0.961349210472509208,0.0077844611528711856602,0.017076542924715061578,-0.27469162595569435181,0.79468518006925792374,-0.49932281702594266681,-0.77999149736514761244,0.0034519429499669795902,-0.0033906316411612918808,-0.0044358744539038826027,-0.055844302477799902251,-0.13963084785603613325,0.051048536277835517005
1620391269458604008,7.4856995888218538227,-2.9152434796434336661,-3.5662913536745475263,0.96588411539238627768,0.0053465310594174820721,0.0095299094578255704596,-0.25874402614171393422,0.484523652225639756,-0.34928429316983777841,-0.64204339924235143133,0.0034519429499684302527,-0.0033906316411615121907,-0.004435874453903636272,-0.055844302479903469572,-0.13963084786012813776,0.051048536272355761467
1620391269658608008,7.5610127330481970986,-2.9633213513863041477,-3.6897355890550294077,0.97783676915400341567,0.0052038472875681925089,0.0040075869030709448948,-0.20926564962048258001,0.42517839672449919686,-0.21749748380880531973,-0.65959022735444472474,0.0034519429499689107711,-0.0033906316411667467188,-0.0044358744539041029126,-0.055844302535305485879,-0.13963084788204083164,0.051048536265737951001
1620391269858615008,7.6433085198077836964,-3.0014705343973226981,-3.8026955746022261806,0.98683092185370191451,0.0065977443778960321794,0.0032156926627386109817,-0.16158855393621129881,0.50294369241384961899,-0.24901929127302721567,-0.61629580400712635768,0.0034519429499705231966,-0.0033906316411581494293,-0.0044358744539040578098,-0.055844302450365465584,-0.13963084788066015829,0.0510485362415154173
1620391270058622008,7.7445214882936470602,-3.039432623298938374,-3.9238779497412554775,0.9927790417579595017,0.0050039694765344477911,0.0026834052847713122519,-0.1198229271537944729,0.57399497338130278656,-0.19436229395318585511,-0.66457870152480769121,0.0034519429499707834051,-0.0033906316411509637709,-0.0044358744539034029516,-0.055844302380275732955,-0.13963084785879398275,0.051048536238769905149
1620391270258635008,7.8411635105939518908,-3.2393036374402002231,-4.1850680813120364476,0.99647705598669977789,0.01018268479571021734,-0.0071078771492229545978,-0.082941352200591345056,0.60134742417762232503,-0.26726286374824198555,-0.6697624485699776864,0.0034508195085677056783,-0.0033906227923319928047,-0.0044358903567735365539,-0.057907975355552046559,-0.12944654131249419549,0.055570519697536631398
1620391270458637008,7.9515023045237489541,-3.1101362573661290867,-4.1576841991742101712,0.99836798371775636873,0.010657343767767212331,-0.0068148094841623324189,-0.05568975204516636579,0.65546355734055206099,-0.16741866982491784843,-0.66975737146560232471,0.0034519417738263251036,-0.0033905607650337272682,-0.004435876053086528284,-0.055202708484820811607,-0.13953916060106441588,0.050877920676220760032
1620391270658644008,8.0990107781965683387,-3.1505382521162763609,-4.2929052300479986215,0.99888605860335666353,0.02438471893963978232,-0.0038497535381206743517,-0.040214509915976089094,0.61418127733578564698,-0.095443145515262076128,-0.65726097541988315331,0.0034519365335627196813,-0.0033906497251316360803,-0.0044358753946750293512,-0.056018281708837235067,-0.13960373304417497686,0.051089807171764652083
1620391270858650008,8.2112919426166275372,-3.1658342822686544871,-4.4210793916334827358,0.99810625083953719017,0.022911244578195433252,-0.005339503695042349847,-0.056837281842220394035,0.47305555892868739187,-0.049141582271943887172,-0.66810039539129495445,0.0034519379449281933914,-0.0033906516046220834711,-0.0044358754958713844663,-0.056028798939343420205,-0.13963529043101483018,0.051124220071072389027
1620391271058665008,8.2881539159625958746,-3.1867362079047039103,-4.5515242237063171515,0.99371407891125751455,0.024484989337632517836,-0.0061191256894963016316,-0.10906590196520375702,0.40537868755709188795,-0.22642994916984482412,-0.70108246261445184011,0.0034519379449302963099,-0.0033906516046145643122,-0.0044358754958709802757,-0.056028798861385072094,-0.13963529042504618793,0.051124220053093340221
1620391271258665008,8.3727370174885340504,-3.2275056427244761537,-4.6882164348520678487,0.98374822950952856004,0.022656241230893027494,-0.0045539074964902276701,-0.17806003930323388573,0.45234915480487680739,-0.25479674794452877862,-0.715317402290574611,0.003451937944933575371,-0.0033906516046038827523,-0.0044358754958711181862,-0.056028798756803013803,-0.13963529042704631022,0.05112422001319334719
1620391271458673008,8.4627971357295752597,-3.2861008232196149415,-4.8241143613333656859,0.96960800109838973793,0.027038433214972248941,-2.4544618457912643222e-05,-0.24316506067448623307,0.47464850275916831146,-0.38966084537935774534,-0.80131710068232686606,0.003451937944933137787,-0.0033906516046014758235,-0.0044358754958708501714,-0.056028798735451523783,-0.13963529041451966384,0.051124220015960272767
1620391271658681008,8.5535264076480803652,-3.3515672299137508894,-4.959139171765667875,0.95395348352668629666,0.020009564146659566952,0.026492636512102648444,-0.29811157109478142457,0.46322787019632843952,-0.37473881736338976456,-0.70763769622886363297,0.0034519379449326485949,-0.0033906516046089867425,-0.0044358754958711207883,-0.056028798808814915533,-0.13963529042974909267,0.051124220028364794621
1620391271858694008,9.1226112808633299522,-3.8130806134755461656,-5.3159669169018082258,0.95132845482035277573,0.014399557828965715844,0.02018707090085863215,-0.30717959885365808681,0.4793287067428773085,-0.52177368518992817137,-0.83202967832385243963,0.0034499335653653956379,-0.003392763587687831154,-0.0044358421534205182135,-0.073519364729579289586,-0.12564105119251192666,0.048508392528360234908
1620391272058694008,9.886796567875460795,-4.0478189366828454254,-5.3940333813545828789,0.95304962688492245171,0.011842569507357238526,0.011048852465076816967,-0.30238069564900926789,0.60205461399486703833,-0.52036018318767740531,-0.83272611807245089377,0.0034493788108943728224,-0.0033948029833761068225,-0.0044358070080229659166,-0.091856677080487933451,-0.12672289415063239804,0.038133946891225213582
1620391272258700008,9.3374125134162930806,-4.5457894018669575686,-5.6052433318320806777,0.96420089932360064644,0.0086597963454864354538,0.0033396705779111411291,-0.26501033993270123323,0.47067270012418777059,-0.61829072435373610972,-0.76214062340818800045,0.0034453283603988315437,-0.0033927870122643873953,-0.0044358633024072042714,-0.081509339048307816178,-0.095463343231262057231,0.034735167390897249418
1620391272458708008,9.0819493568962794683,-5.3903536625761701018,-6.3617977428636560688,0.97389394437112586367,0.0062973263183844713567,0.001758927346178458485,-0.22690931001852138182,0.4176197738579431884,-0.78077024989162158164,-0.8599259684423614658,0.0034435966533582812628,-0.0033919892338425800503,-0.0044357541417036358902,-0.086304763807891538008,-0.069875434665939734069,0.048255258156552544024
1620391272658724008,8.2321769453389279647,-4.9282582837890762661,-5.6581454612717525521,0.98174284608667050644,0.0050814877387813667947,0.0033104572202204071707,-0.19011628944674430208,0.43125654677045038854,-0.66917754055666367474,-0.69247769545443194072,0.0034458568875495761141,-0.0033938810862213755933,-0.0044353753906081578792,-0.0919751699707797854,-0.081413970998559473391,0.01818974275569864088
1620391272858724008,7.5051908889114189449,-4.6125304424851991669,-4.9564311010357640086,0.9878387840705507017,0.0042155191144544520293,0.0051637999137882466261,-0.15533866632317452905,0.36422611427863260669,-0.46790216796118516696,-0.59862129640564254451,0.0034538837502663560265,-0.0033900563153949751262,-0.004435282045195072971,-0.038772069563391561853,-0.11570201291293061296,0.034519054677763921779
1620391273058729008,7.6629392018702153777,-5.3220887218309425037,-5.737034110836838785,0.99291114331882557309,0.0046390725931975372587,0.0051858601329736690039,-0.11865516142780885289,0.4712088742964880006,-0.60790027342201968796,-0.74103281987440516865,0.0034516111172215855653,-0.0033882315534964541938,-0.004435485323847731913,-0.055306635628454281495,-0.11205335737962215936,0.063979266985899230225
1620391273258739008,6.8898299662465642967,-5.3439939516016803367,-5.91553016028185219,0.99485628537649561931,0.0023677937953401830169,0.0033142437972503669893,-0.10121452853951544426,0.44800104755108882681,-0.5590084226393575717,-0.78827384730770277965,0.0034552431021041820833,-0.0033914555723697269521,-0.0044350432371068684856,-0.089579428906597979854,-0.11404331009349487347,0.072361966162540480862
1620391273458752008,6.8618660546930501098,-5.5400125013358332282,-6.1220444707889871694,0.99278426302108080392,0.00095197952333372980009,0.0050230016208774415018,-0.11980513464536325652,0.33272474300567922434,-0.57002267955210317307,-0.80511733856152201128,0.0034552247138625660772,-0.0033937435942970111888,-0.0044351347312001198481,-0.087908491345755776503,-0.10975387911048588296,0.073671109196191575386
1620391273658753008,6.9257631928358414086,-5.7050327879691415944,-6.3288735837056391276,0.98741988782669054547,-0.0007190569536821368778,0.0067211987770954030597,-0.15797554737497407351,0.38070191692501031966,-0.68253331571153397217,-0.83238757362819948415,0.0034539518576544498731,-0.0033953364844879225376,-0.00443508081470496765,-0.083200597667514142319,-0.11085264440730076274,0.07452519428703983928
1620391273858760008,7.0084000789990712477,-5.8525914195326480538,-6.5042453956946157945,0.9813542000621748862,-0.0015151809450904651748,0.0051620000111098299916,-0.19213274578509076385,0.39621025647753438381,-0.75769551758766018335,-0.81703341130227902234,0.0034539585372273255877,-0.0033953845613352443347,-0.0044350820860122423805,-0.082891968294374410164,-0.11094645702474649485,0.075056601526744259889
1620391274058894008,7.0904499234987259371,-6.001460827821611943,-6.6633396154871897821,0.97398314953808740047,-0.0002338711501968311797,0.005811540113550525341,-0.22654579166619220887,0.48531482331323000379,-0.83135142454192501038,-0.85722228037432302017,0.0034539489772825206215,-0.0033953773091587495861,-0.0044350817403206619846,-0.082832083109938670074,-0.11082117238709179863,0.074938189725046788769
1620391274258904008,7.1788797671558510771,-6.1695682378288960734,-6.8268853951148535941,0.96726974557550993161,-0.0010397365773060114613,0.0055005572254432297252,-0.253688592791137979,0.47318644605141796378,-0.92066478577383004112,-0.88221461624391372958,0.0034539489772857858048,-0.0033953773091532466095,-0.0044350817403205110637,-0.082832083069720924273,-0.11082117242917995104,0.07493818968474327824
1620391274458908008,7.2577695132363109209,-6.3475699926593325273,-6.9907146063005551895,0.96610083484643272111,0.0023097201885266148078,0.0081166679920466281578,-0.25802705633786454653,0.36762791438104336361,-0.91933873662296694551,-0.85657805118051177917,0.0034539489772856474606,-0.0033953773091541070324,-0.0044350817403202178954,-0.082832083076881529715,-0.11082117242037627103,0.074938189688407944034
1620391274658915008,7.3540964198275791119,-6.5524944995941512005,-7.2402809632175504362,0.97341828625596116265,0.0036400786656535957624,0.0080183044664701667165,-0.22886523677330022908,0.37650565209985054071,-0.83953054357523637652,-0.91695926436808805615,0.0034552081334613751751,-0.0033957676588954018373,-0.0044350119354942367511,-0.084903575163083541688,-0.1258837560320584803,0.08900785347420508975
1620391274858923008,7.4360011574367730347,-6.6782628229566212141,-7.373102570472807038,0.98144495674534060203,0.0039735218401880309513,0.0055217771667380125683,-0.19162337534925896754,0.52626009022322384201,-0.81962868709712422,-0.92497047193551784616,0.0034549955333737143205,-0.0034002970630633119926,-0.0044349015030971453144,-0.13009391238156131632,-0.12624570130234091803,0.080113367108798599903
1620391275058935008,7.6378594338620340309,-6.7967369318860892946,-7.5450502508620171938,0.9883549046779215308,0.0015516846970600611539,0.0048392158079934950374,-0.15208141459120227967,0.57030119911241161645,-0.80640054716572884264,-0.94925216178153337676,0.0034539406945925887026,-0.0033968761127459424186,-0.0044349785552823053902,-0.11668101758262709733,-0.12179968760070357392,0.078173100981692389411
1620391275258935008,7.7481396512068183569,-7.0350868348639936656,-7.8230002452233797783,0.99317275749920330696,0.0024745469929098678173,0.0061371964828093343233,-0.11646495265933036467,0.63959435173395551288,-0.81619829435868751499,-1.0370567604356770719,0.0034526172395139892099,-0.0033935407439084344303,-0.0044350080430165493561,-0.10466599797490228063,-0.11716685044966994311,0.090812304510003924451
1620391275458945008,7.8829092859408653737,-7.2106590576772005008,-8.0459253474198391132,0.99579575108056439525,-5.5772902156062731979e-05,0.0075196117097272091243,-0.091292247529640976889,0.64277700583320540595,-0.76903479389223527996,-1.027296915102068775,0.0034522671682911884594,-0.0033940805506641916027,-0.004435009182152626489,-0.10903684561353615967,-0.1165343832150269876,0.091615559738936855338
1620391275658950008,7.9771313616472214747,-7.3083116427374852364,-8.1908006833756967779,0.99588648748898678242,-0.00042292318932947155045,0.0060201775656395064076,-0.090408421260978172329,0.5834747142895067018,-0.76756378165835525973,-1.0393247927240614192,0.003452432668571140794,-0.0033938068143891161194,-0.0044350270741878765682,-0.10761476943432891906,-0.1170445632521535384,0.090488352551330586415
1620391275858966008,8.0410267607181253879,-7.4107053800922741971,-8.3567452063157841025,0.99494989270999378839,-0.00031009105507438778195,0.0027938768808177041891,-0.10033348938357840308,0.61075938848537913994,-0.80547476897482339631,-1.0336607321987365538,0.0034533587074576121458,-0.0033960538860339411008,-0.0044349639306366633179,-0.10474888338800336651,-0.10833478571527178913,0.092933295650898931073
1620391276058967008,8.1117745707718746928,-8.0779324863232169207,-8.9102618792299690398,0.99371893888678897166,0.001399037434938411352,0.002655761283984337754,-0.11186447212574988919,0.73660237335805656134,-0.90123400839717815458,-1.1413604557913639148,0.0034525921512623845497,-0.003389339098867974031,-0.0044348919556925908703,-0.1401864662446882237,-0.13001944072222620941,0.09497728848246417277
1620391276258974008,8.2478895025165464006,-8.2626290340546226787,-9.1360760555137243699,0.99284060936478168991,0.0017221018329356249568,0.002595422548779383054,-0.11940612439586027749,0.75442286024520777143,-0.92624990006162266631,-1.1506925197509740855,0.0034526821855099449655,-0.0033895162451452708063,-0.0044349063855833713993,-0.13817042441219895554,-0.12957435264851643875,0.094204669816628949786
1620391276458982008,8.3970403131429094401,-8.4454844160300766021,-9.3627586897078511896,0.99277041947541810885,0.002456163102176420459,0.00011056402908601040873,-0.12000353850205335016,0.78810870289562506841,-0.94970676862124836504,-1.1426890795058470829,0.0034526603255723179939,-0.0033895160372694839099,-0.0044349050998069329543,-0.13826004961907792379,-0.12953433890483759261,0.094314939536725039826
1620391276658993008,8.5507130548625429611,-8.6290620578666015206,-9.5864365186325333212,0.99255088234204469355,0.001666442815770668431,0.0034616640288483379283,-0.12177021726400107104,0.81251438785429308531,-0.96154244463255822417,-1.2136245083039438608,0.0034526603255694856241,-0.0033895160372745852979,-0.0044349050998044783206,-0.13826004962104526674,-0.12953433888431625798,0.094314939564502056624
1620391276858995008,8.3499664342768618042,-7.2186974907911967136,-8.1575548933992365619,0.99279385591326807514,0.0020994916398493130606,0.0043369457294697233776,-0.11973780813702614156,0.57462389757983522998,-0.51360160437311930259,-0.67413791358138153154,0.0034586020594018903815,-0.0033786401535072477405,-0.0044353261858388719208,-0.080293963509772595111,-0.19322451320681766074,0.0054047575347231507914
1620391277059001008,8.2538138310557194188,-7.0320472452291946652,-7.9881016627172325428,0.99145932317474871898,3.0300265320896540975e-05,0.0043915188046957653878,-0.13034233439044867753,0.5992945775497691141,-0.50444031621365759133,-0.69896622652919659924,0.0034567005530856389703,-0.0034001741559607570609,-0.0044349406517811820402,-0.033079349806149099811,-0.19023278906939511401,0.010246012674611785359
1620391277259009008,8.2563429967068753257,-7.1182021289349108883,-8.0836419691138416965,0.98805702960008767732,0.00057934821978356985332,0.0053618289534032711682,-0.15399422522863251417,0.62964422756652738133,-0.50837198776392134025,-0.63393180764184720033,0.00345320167983226246,-0.0034020342002134976514,-0.0044349885766951178262,-0.0329678952214538315,-0.21691376757449498669,0.0072772166746357686701
1620391277459023008,9.1016761027439425646,-7.533391320512547118,-8.5069987032223473022,0.98611411439511098553,0.0026191861012549587547,0.0020343814866472758988,-0.16603600376689506279,0.79756300781195554883,-0.56083460905294379995,-0.63616251090327191609,0.0034622836180389872027,-0.0033940033275139279076,-0.0044346619522612779757,-0.11606116935846952365,-0.21060778784834119359,-0.016833685483605247135
1620391277659028008,8.8432625216229379106,-6.4793223972066948946,-7.1989388881643563423,0.98660310833629982774,0.003250558885208407623,0.0038168994383418956666,-0.16306186484510631907,0.80881782077815811416,-0.41885428246103850736,-0.44666643518333087881,0.0034593413580060890754,-0.0033925672557275497916,-0.004434750606235687842,-0.14180444047343243597,-0.22257561496289399172,-0.031075060540642712725
1620391277859042008,9.3137853862056143583,-6.7345193908969944729,-7.7015166922121034432,0.9898205791844195689,0.0049199537102886225365,0.0035577984346081186276,-0.14219126959419245426,0.90358861050366845458,-0.31932756104290205279,-0.57422147492238828637,0.0034635062022827321077,-0.0033860427585429802959,-0.0044346304618312218718,-0.1567833564896954357,-0.26588673997155726214,0.009234751663555008927
1620391278125797008,9.2471524661596689043,-6.7031867476615518697,-7.7101209118733748937,0.99308274577938959737,0.0028143376254881036745,0.0041599733441011286367,-0.11730913928921005152,0.83531656569907830612,-0.24541739746267507427,-0.56186498994070954716,0.0034610185155387689603,-0.0033834127954027563845,-0.0044348019792661182159,-0.12996172492587740321,-0.25717202986849230228,0.0075517230739229265768
1620391278325797008,10.053205207437782676,-6.2013129762990768512,-7.413212505052128698,0.99363683128786406407,0.0040231926874213742515,0.0016189657133008354857,-0.11254794702184706123,1.0055145025341503118,-0.23370954221040873833,-0.59751355760017799135,0.0034557554216902725691,-0.0033866919353043554997,-0.0044344074774379429321,-0.13945208542623951931,-0.24903587202490612418,0.015581662491509285992
1620391278525806008,11.801810064885698282,-4.2518466339308318425,-5.9065775892212686315,0.99394908225314559935,0.0022920706107965823674,0.0068849581809047894626,-0.10960185058334008523,1.2872250323719265364,0.13258712360794810969,-0.28239056519724159422,0.0034644383868517683069,-0.0033938033405766687874,-0.0044339600596045468037,-0.11887562171256040033,-0.27561331696189078633,-0.0045118114031997506169
1620391278725811008,11.209596682629491937,-2.7235746269623462013,-4.2492101377896167591,0.99403108340414902955,0.0029190297562635592228,0.0019043462424393135368,-0.10904154234531696077,1.2743455460559993675,0.26107277812927365268,-0.18880743868372779071,0.0034602567680016059828,-0.0034025294279005097869,-0.0044346027018365291594,-0.12575518061852072882,-0.25949083196926880923,0.01020908009737916608
1620391278925827008,10.039656275941736041,-2.8704814080752072414,-4.1333861394735560424,0.99393020091982120512,0.0030192864498308305023,0.0030577326923207884431,-0.10992856716796076122,1.0832400721771597851,0.2434110660822838279,-0.11911469766200982745,0.0034598464686885267196,-0.0033945100736404954997,-0.0044347281098303442323,-0.13689713140456777341,-0.26118690967747487663,0.00042534983613124778545
1620391279192454008,10.993300838750190707,-2.6017452651287742427,-4.1213975932941506741,0.99418518028237734541,0.0037381444283193943773,0.0040750405938776686557,-0.1075418412864911355,1.2677639104782336688,0.2722253949038382359,-0.19088151676202949614,0.003459852354352427415,-0.0033958494695903742276,-0.0044346165798805096611,-0.15573535439118246781,-0.27215335506130328147,0.0088913234894217874071
1620391279392463008,10.682358080213637308,-2.6672502073286352697,-4.1375878355280129028,0.99453092609789661704,0.0042512093720917651027,0.0066154679329211438579,-0.10414605051447746453,1.1807692138964107631,0.29337101311472107978,-0.14601884725719985192,0.0034594453739966017115,-0.0033947071439271222365,-0.0044347370137691917436,-0.14381735894107580687,-0.26477783320998277139,0.0037373612635575965621
1620391279592468008,11.308164934094500964,-2.5291061695806482668,-4.1822736142380509961,0.99479745255008888982,0.0044483326937335134973,0.0073763033250041206909,-0.1015077873138699599,1.2963086747781005226,0.28316755705022317313,-0.17045761233178238769,0.0034597099280134538911,-0.0033954834878140425537,-0.0044346506561877292035,-0.15275912406578781577,-0.27039018097431416487,0.0074418215737501076934
1620391279792482008,11.222737040384240359,-2.5473019978351825188,-4.208197993795393721,0.99506763826495647773,0.005553553074189030922,0.0080587284161555070017,-0.098714792317916313924,1.163988249802558439,0.32722675777838372557,-0.17363136149118979512,0.003459516528468459251,-0.0033948929334051405546,-0.0044347179904586676857,-0.1462440141522761694,-0.26635428885183848324,0.0046819083533067920588
1620391279992483008,11.684309239249069279,-2.444577378868031392,-4.2486658526425404858,0.9953074433591533321,0.0056602261626002622202,0.0094084413701235932587,-0.096138110365451279193,1.2879262565797680029,0.29933649045891180807,-0.19041400501951361024,0.0034596616689974296621,-0.0033953142774582069884,-0.004434666749905613603,-0.15107493128557877848,-0.2693962663108975808,0.0066824955075080218203
1620391280192489008,11.730430318042094129,-2.4288283882629326804,-4.2780994099479663362,0.99569604812724699094,0.0071366115704071964726,0.0040961804657300236038,-0.092312890891084117828,1.2206389221707578674,0.2865487617761175998,-0.1617605351787426704,0.0034595553583654358593,-0.0033949959502099550344,-0.0044347065904740941636,-0.14750626657527718399,-0.26717226524129494836,0.005183247701893142767
1620391280392497008,12.113426863751362461,-2.3425235637329047123,-4.3151734216522319443,0.9950991591204201292,0.0045036365970691598359,0.0039856205714557122258,-0.098699015212389620832,1.2879993547971593237,0.3067074696817324031,-0.16832036202636113664,0.0034596344823650416328,-0.0033952275763856924404,-0.0044346759562000478624,-0.15016066980282286036,-0.26884068387829612723,0.0062850502100791679622
1620391280592512008,13.116127624784432726,-2.156238196494219217,-4.4258167576468547821,0.99347024241172920966,0.003511623337587156321,0.0016771023097246410931,-0.11402514315605336015,1.4103808736885850017,0.29230399891072544882,-0.16297318317979514468,0.0034596321726165077046,-0.0033990518220163856711,-0.0044344504463539420255,-0.15697298111018262445,-0.27456831940080717036,0.0091246759170894621571
1620391280792512008,10.212589111331563885,-2.4672964237407306598,-4.1241404929711382721,0.9913371082432002046,0.0038300967681721346907,0.0068026441955209978815,-0.13110984787843321664,0.93591959687303261095,0.11027070440731040479,-0.12071093805013707878,0.0034580673002040664653,-0.0033996200242505181591,-0.0044348118353104261716,-0.10738894390421155345,-0.23150498585094189674,-0.0069543433026430789834
1620391280992520008,11.406794386570940247,-2.3529238497160211985,-3.9353372964617170382,0.99003576991958475162,0.00094053694187940081652,0.0062182741522909344006,-0.14067559396200773891,1.1550953945007964574,0.014119161299224705641,-0.028018238453851498915,0.0034557587945835176527,-0.0034083511733333793359,-0.0044342914268055933988,-0.1466609786244277569,-0.20343814147295996575,-0.032847006163369961429
1620391281192527008,9.6502733074740856267,-2.7945054018988444433,-3.8734156663070788973,0.99022534602684586513,0.0017591456548563162449,0.0054328084419166212601,-0.13935980082151500081,0.81479696779724308797,0.018205143565020460994,0.0403443895820214532,0.0034573447250029242309,-0.0033999895466790453109,-0.0044347342300931451298,-0.10861771848703341559,-0.20726540757388908776,-0.034817900034029306
1620391281392539008,9.987771572976980039,-2.9118561602412476041,-3.7377492922105091111,0.99089256120058721855,0.0013909716638337262309,0.0068845916557285979573,-0.13447155741235880533,0.87868375409316634705,-0.083359818758587694854,0.12051632787940608216,0.0034530984780268450356,-0.003403832105288660901,-0.0044345648912985412629,-0.125959506873134508,-0.17886743787030096042,-0.061771477250894782363
1620391281592665008,9.2789421696918346072,-3.039204966880858283,-3.6326709823627254536,0.99151871097344534967,-0.00052040183698538018068,0.0059353890471985030347,-0.12982737048998665985,0.63997696374882684367,-0.10565493144480397891,0.171308976022433751,0.0034484049342900116412,-0.0033989190922069688686,-0.0044347552150194599965,-0.090767578331735543351,-0.16974954458511989919,-0.067739952581518922403
1620391281792672008,7.8247233376006217753,-3.3352999546964796629,-3.6276694246628689022,0.99151055552821021344,-0.0020000128129385001674,0.0076021644253337593289,-0.12978838669518497073,0.43084371706106994182,-0.12678504203640270087,0.13452611801364650068,0.0034474143971537319839,-0.0033939778805449826934,-0.0044349164004655015903,-0.087546319858540624925,-0.18601794693137582715,-0.059532150151860620257
1620391281992681008,8.6853770890749526501,-3.3317866191853746649,-3.7219713400323954922,0.99169600080462916303,-0.0035880883123233712866,0.0073643739451542192254,-0.12834303100193808489,0.48023686169521595524,-0.1464646127219183247,0.17497125326626228325,0.0034445352309609334092,-0.0033952871741159550319,-0.0044347860773908233736,-0.069919869915843271824,-0.17098796766070739617,-0.070862830674320212432
1620391282192692008,8.7890762830164455011,-3.2953456075350442411,-3.6745521166914731914,0.99210206260239364173,-0.0027416874380930423422,0.011321445728315530574,-0.12489117421455116219,0.50368871183373742362,-0.10295039473759501347,0.15325716194346308829,0.003446657022382497871,-0.0033967003029188188278,-0.0044346150003982919008,-0.078256829400830993371,-0.17572887869718806231,-0.064769966347230881198
1620391282392710008,8.9058881385064019298,-3.3103998504822986781,-3.6413482503882432795,0.99302071460292207217,-0.00097055567696415596338,0.0086258749148936733619,-0.11762020520783465771,0.45203633641685797562,-0.10588506112017602445,0.1942443582235662547,0.0034466365953738794213,-0.0033967721298315688323,-0.0044346034538198441863,-0.078492894178311636844,-0.17549561461599891277,-0.064387438076376868334
1620391282659332008,9.0283286098522737007,-3.3227297968105462544,-3.5937043118436107214,0.99629657860976106321,-0.0010511397633315381489,0.0047122317098987369019,-0.085847640782929432457,0.52786547543628281609,-0.022948588561799470459,0.1857051152507583347,0.0034466302175682646258,-0.0033967651812714747678,-0.004434603499247005351,-0.07845209523538233809,-0.17549730382237607729,-0.064343904619799621725
1620391282859337008,9.2219178440631264237,-3.2249355518533247,-3.638580968627067147,0.99749830151125551403,-0.0012425305026359432202,0.0068250325624395549728,-0.070349225515515437235,0.58411206168631735203,0.093490192730460677795,0.20047215487945721502,0.0034514864200743343957,-0.0033981887668697854585,-0.0044344939266450734625,-0.086961752918008797253,-0.19929622183200146335,-0.044131724012819187331
1620391283059351008,9.0546841615795337077,-3.2253585075191546494,-3.6551006808644617152,0.99750922043840506426,-0.0015640447111748927416,0.007539411268878630501,-0.070114664530514764218,0.48082761296201931289,0.09849356074092957547,0.21767887218922005177,0.0034500647809549709125,-0.0033949462368253031062,-0.0044345876956470315494,-0.067326951721932093431,-0.19489614269939789515,-0.04465150169974874822
1620391283325978008,9.0776416007620532866,-3.2785073576846142096,-3.5270979687653625234,0.99784664794626665163,-0.0021998382181928673867,0.013768091951147327229,-0.06409108782224667844,0.44530954381165499534,0.087927972706542970038,0.23080403101540852839,0.003447936291012942446,-0.0033946093955157081133,-0.0044348820827360604241,-0.062011677786439324545,-0.19305686436859870181,-0.048583515859291583061
1620391283526112008,8.9267470338157650644,-3.2061649337613471467,-3.5732118523204206006,0.99818326419462377608,-0.0018354284241923390832,0.010532704087452165673,-0.05929472513531602873,0.36433396514739080363,0.14806193956695479219,0.1918626514546848405,0.0034514268687559747709,-0.0033928144081443417472,-0.0044348862566878696073,-0.058328923880364473564,-0.21592855302519117777,-0.032339286684605894617
1620391283726123008,8.6893953183829228948,-3.1936919190763290999,-3.5879594901222575665,0.99819490705222502225,-0.0054280967232377633908,0.010961118677267445848,-0.058798955588572482389,0.27441720149000697893,0.14192829935667974905,0.18610911638713298344,0.003450207733171089218,-0.0033911821332192311831,-0.0044349045891951387882,-0.043265134424175746841,-0.2102132748791950001,-0.029481458870303383496
1620391283926124008,8.4407056641172832911,-3.0737526346762398255,-3.4247799138876238167,0.99803367673418819095,-0.0050754479878702849979,0.0075072743210827823021,-0.062021454065743893136,0.26271468496732458542,0.13162424799994904001,0.16458210297478378936,0.0034501115603479868242,-0.0033928409497173310852,-0.0044349033125654826332,-0.045035879654619491441,-0.20506932521972709438,-0.025620209876016115241
1620391284126132008,8.6205651196495338695,-3.0603645550004836551,-3.3452455986396087972,0.99797669680326417385,-0.0045592684109322084013,0.0059320408971310382637,-0.063139025966501310938,0.31003788288700107056,0.14032648463733785049,0.20486785382354799623,0.0034520062593161988072,-0.0033940730294184182775,-0.0044349402762382640966,-0.052943968077382851101,-0.21326047657523802825,-0.024355620846328383811
1620391284326138008,8.1246895767099704955,-2.9977433711348111522,-3.4729768757876646745,0.99784536067947460225,-0.0037400944070752986138,0.0063260906693198655157,-0.06519684379722702483,0.12722662880147458941,0.089749408425569679459,0.14574094781157598266,0.0034479162081022191391,-0.0033900304951961285002,-0.0044348907051591232933,-0.029769882901014989296,-0.20013770357159335611,-0.020297303703285394377
1620391284526153008,8.1558494765742999277,-2.9951154317881498734,-3.4309495629335011735,0.99719628743600075005,-0.003580211129504632956,0.0071828163186609004717,-0.074398612633962565854,0.0052970734656172316357,0.10760775569789690631,0.16107942332373281769,0.0034470319479262636654,-0.0033878635119704175217,-0.0044348244063351638378,-0.0094943189599629856934,-0.20032372344829560418,-0.023546808239043585942
1620391284726154008,8.0998445451456841937,-2.9708096003043507061,-3.4216261456640477689,0.99551607636308470095,-0.0045412727308766775991,0.005432645446220035583,-0.094327116504690597387,-0.049519194853648751398,0.077440112865665003405,0.20612691267514116067,0.0034465849019732187029,-0.003384815325559027005,-0.0044347516037634452865,0.0060102618101760679759,-0.20691829651233689669,-0.02989708199889712717
1620391284926162008,8.2380201342898047301,-2.9046610411807924912,-3.3538244464139674861,0.99435355670170944009,-0.0020887721764527708221,0.0038842867777607393079,-0.10602619309248265123,-0.10487769837801333428,0.14322814676538647705,0.26266537558143771003,0.0034448663884012759723,-0.0033772241352719774982,-0.0044350230670429247742,0.027172442887815017459,-0.2319260179898719465,-0.046000543547519978649
1620391285126165008,6.2161063648230676648,-2.9457072662293892762,-3.36251776142141523,0.9941828566457698857,0.0014612541285647850584,0.0081965841705257998923,-0.10738309129450891721,-0.041242150586424532188,0.11118312243229554193,0.21807603972764899591,0.0034316198015951595093,-0.0033954103397522352077,-0.0044338026919793042946,-0.018264404236123504138,-0.25335910466254069062,-0.035491961441638422703
1620391285326182008,6.3424499304620933771,-2.8694265462129182609,-3.2660956335823900787,0.99492820343713139764,0.0016702822974381096623,0.0069653485382284770905,-0.1003322683993096015,-0.06198599897774972195,0.11806321368074185196,0.22490810784552706103,0.0034381791950539460599,-0.0034019826911584642379,-0.0044345269502035628006,-0.0090021893396600750903,-0.25398699328141755016,-0.045429997642961121584
1620391285526183008,6.2388089671746636,-2.8139963734985125043,-3.2021352325278518158,0.99574847432804336478,0.0033872076732377161615,0.0087310097379086366171,-0.091636631139028187909,-0.088436178730397899117,0.1648718728788334531,0.28278781228287858118,0.0034315800871283037507,-0.0034031017759495823215,-0.0044355026588970428505,-0.0068456449256342165322,-0.26917410125056046022,-0.060529045925796082228
1620391285726194008,6.1650727234718827319,-2.7632008924168589559,-3.1341752077161095791,0.99635125044861938548,0.0037681492671282055575,0.0069265219101139734875,-0.084982410384756137955,-0.16132726385209417153,0.17434132843107044697,0.34679310699626386683,0.0034265542739119144756,-0.0033926340567008526211,-0.0044343160609594057045,0.005046006420215456631,-0.24853476974280669376,-0.071788797122239331183
1620391285926202008,6.1151967215811140477,-2.7224338073605180988,-3.0833740935990943122,0.99695992522756227139,0.0058721102534250212493,0.0099169459266137804238,-0.077058938449184710695,-0.22657477798696984417,0.22786718635675487499,0.36595637684807641454,0.0034281585454390178964,-0.0033912953885006013807,-0.0044346340522252751179,0.015210379242108280906,-0.2581501859086361983,-0.060595914508868330139
1620391286126209008,6.0717032174286238444,-2.6876001803962421555,-3.0378421430883530974,0.99855098981814982562,0.0038817319361338985077,0.0083146121449714956164,-0.053025655255257021781,-0.23152805594383468746,0.3089330705657653553,0.37212241485749819603,0.0034282200675748632918,-0.0033906186611298255555,-0.0044343527051542083739,0.017164717480828539653,-0.25208388495355044112,-0.055392160480123742161
1620391286326212008,6.064073459152866441,-2.7302844024677970225,-3.081179908965725911,0.99937223100701833012,0.0045504390513521637135,0.0077547780012707364858,-0.034268072817817733788,-0.20510408235231053498,0.24932901165246240671,0.23986091270954773558,0.0034204090811293316743,-0.0033929439016817794159,-0.0044344995072612509654,-0.0015249066888593267033,-0.22779349260448303327,-0.032193867826453503866
1620391286526218008,6.0110607193948570881,-2.6825461153225211852,-3.0176911669107364666,0.99952962955355373342,0.0023522933742134615256,0.0104764978062113958,-0.028726805498267022482,-0.23837515819688753771,0.27707964656581274276,0.30544269731651746413,0.0034172581785178071483,-0.0033909719189796753459,-0.0044343638151654743776,-0.0018806042442164893919,-0.22559448279970961693,-0.04182994199358603532
